time,uniswap_volume,bybit_volume,uniswap_min_price,uniswap_max_price,bybit_min_price,bybit_max_price
2025-07-01T00:00:00Z,0.0,0.0,,,,
2025-07-01T01:00:00Z,0.0,0.0,,,,
2025-07-01T02:00:00Z,0.0,0.0,,,,
2025-07-01T03:00:00Z,0.0,0.0,,,,
2025-07-01T04:00:00Z,0.0,0.0,,,,
2025-07-01T05:00:00Z,0.0,0.0,,,,
2025-07-01T06:00:00Z,0.0,0.0,,,,
2025-07-01T07:00:00Z,0.0,0.0,,,,
2025-07-01T08:00:00Z,0.0,0.0,,,,
2025-07-01T09:00:00Z,0.0,0.0,,,,
2025-07-01T10:00:00Z,0.0,0.0,,,,
2025-07-01T11:00:00Z,0.0,0.0,,,,
2025-07-01T12:00:00Z,0.0,0.0,,,,
2025-07-01T13:00:00Z,0.0,0.0,,,,
2025-07-01T14:00:00Z,0.0,0.0,,,,
2025-07-01T15:00:00Z,0.0,0.0,,,,
2025-07-01T16:00:00Z,0.0,0.0,,,,
2025-07-01T17:00:00Z,0.0,0.0,,,,
2025-07-01T18:00:00Z,0.0,0.0,,,,
2025-07-01T19:00:00Z,0.0,0.0,,,,
2025-07-01T20:00:00Z,0.0,0.0,,,,
2025-07-01T21:00:00Z,0.0,0.0,,,,
2025-07-01T22:00:00Z,0.0,0.0,,,,
2025-07-01T23:00:00Z,0.0,0.0,,,,
2025-07-02T00:00:00Z,0.0,0.0,,,,
2025-07-02T01:00:00Z,0.0,0.0,,,,
2025-07-02T02:00:00Z,0.0,0.0,,,,
2025-07-02T03:00:00Z,0.0,0.0,,,,
2025-07-02T04:00:00Z,0.0,0.0,,,,
2025-07-02T05:00:00Z,0.0,0.0,,,,
2025-07-02T06:00:00Z,0.0,0.0,,,,
2025-07-02T07:00:00Z,0.0,0.0,,,,
2025-07-02T08:00:00Z,0.0,0.0,,,,
2025-07-02T09:00:00Z,0.0,0.0,,,,
2025-07-02T10:00:00Z,0.0,0.0,,,,
2025-07-02T11:00:00Z,0.0,0.0,,,,
2025-07-02T12:00:00Z,0.0,0.0,,,,
2025-07-02T13:00:00Z,0.0,0.0,,,,
2025-07-02T14:00:00Z,0.0,0.0,,,,
2025-07-02T15:00:00Z,0.0,0.0,,,,
2025-07-02T16:00:00Z,0.0,0.0,,,,
2025-07-02T17:00:00Z,0.0,0.0,,,,
2025-07-02T18:00:00Z,0.0,0.0,,,,
2025-07-02T19:00:00Z,0.0,0.0,,,,
2025-07-02T20:00:00Z,0.0,0.0,,,,
2025-07-02T21:00:00Z,0.0,0.0,,,,
2025-07-02T22:00:00Z,0.0,0.0,,,,
2025-07-02T23:00:00Z,0.0,0.0,,,,
2025-07-03T00:00:00Z,0.0,0.0,,,,
2025-07-03T01:00:00Z,0.0,0.0,,,,
2025-07-03T02:00:00Z,0.0,0.0,,,,
2025-07-03T03:00:00Z,0.0,0.0,,,,
2025-07-03T04:00:00Z,0.0,0.0,,,,
2025-07-03T05:00:00Z,0.0,0.0,,,,
2025-07-03T06:00:00Z,0.0,0.0,,,,
2025-07-03T07:00:00Z,0.0,0.0,,,,
2025-07-03T08:00:00Z,0.0,0.0,,,,
2025-07-03T09:00:00Z,0.0,0.0,,,,
2025-07-03T10:00:00Z,0.0,0.0,,,,
2025-07-03T11:00:00Z,0.0,0.0,,,,
2025-07-03T12:00:00Z,0.0,224850.5,,,0.999,0.9999
2025-07-03T13:00:00Z,0.0,0.0,,,,
2025-07-03T14:00:00Z,0.0,0.0,,,,
2025-07-03T15:00:00Z,0.0,0.0,,,,
2025-07-03T16:00:00Z,0.0,0.0,,,,
2025-07-03T17:00:00Z,0.0,0.0,,,,
2025-07-03T18:00:00Z,0.0,0.0,,,,
2025-07-03T19:00:00Z,0.0,0.0,,,,
2025-07-03T20:00:00Z,0.0,0.0,,,,
2025-07-03T21:00:00Z,0.0,0.0,,,,
2025-07-03T22:00:00Z,0.0,0.0,,,,
2025-07-03T23:00:00Z,0.0,0.0,,,,
2025-07-04T00:00:00Z,0.0,0.0,,,,
2025-07-04T01:00:00Z,0.0,0.0,,,,
2025-07-04T02:00:00Z,0.0,0.0,,,,
2025-07-04T03:00:00Z,0.0,0.0,,,,
2025-07-04T04:00:00Z,0.0,0.0,,,,
2025-07-04T05:00:00Z,0.0,0.0,,,,
2025-07-04T06:00:00Z,0.0,0.0,,,,
2025-07-04T07:00:00Z,0.0,0.0,,,,
2025-07-04T08:00:00Z,0.0,0.0,,,,
2025-07-04T09:00:00Z,0.0,0.0,,,,
2025-07-04T10:00:00Z,0.0,0.0,,,,
2025-07-04T11:00:00Z,0.0,0.0,,,,
2025-07-04T12:00:00Z,0.0,0.0,,,,
2025-07-04T13:00:00Z,0.0,0.0,,,,
2025-07-04T14:00:00Z,0.0,0.0,,,,
2025-07-04T15:00:00Z,0.0,0.0,,,,
2025-07-04T16:00:00Z,0.0,0.0,,,,
2025-07-04T17:00:00Z,0.0,0.0,,,,
2025-07-04T18:00:00Z,0.0,0.0,,,,
2025-07-04T19:00:00Z,0.0,0.0,,,,
2025-07-04T20:00:00Z,0.0,0.0,,,,
2025-07-04T21:00:00Z,0.0,0.0,,,,
2025-07-04T22:00:00Z,0.0,0.0,,,,
2025-07-04T23:00:00Z,0.0,0.0,,,,
2025-07-05T00:00:00Z,0.0,0.0,,,,
2025-07-05T01:00:00Z,0.0,0.0,,,,
2025-07-05T02:00:00Z,0.0,0.0,,,,
2025-07-05T03:00:00Z,0.0,0.0,,,,
2025-07-05T04:00:00Z,0.0,0.0,,,,
2025-07-05T05:00:00Z,0.0,0.0,,,,
2025-07-05T06:00:00Z,0.0,0.0,,,,
2025-07-05T07:00:00Z,0.0,0.0,,,,
2025-07-05T08:00:00Z,0.0,0.0,,,,
2025-07-05T09:00:00Z,0.0,0.0,,,,
2025-07-05T10:00:00Z,0.0,0.0,,,,
2025-07-05T11:00:00Z,0.0,0.0,,,,
2025-07-05T12:00:00Z,0.0,0.0,,,,
2025-07-05T13:00:00Z,0.0,0.0,,,,
2025-07-05T14:00:00Z,0.0,0.0,,,,
2025-07-05T15:00:00Z,0.0,0.0,,,,
2025-07-05T16:00:00Z,0.0,0.0,,,,
2025-07-05T17:00:00Z,0.0,0.0,,,,
2025-07-05T18:00:00Z,0.0,0.0,,,,
2025-07-05T19:00:00Z,0.0,0.0,,,,
2025-07-05T20:00:00Z,0.0,0.0,,,,
2025-07-05T21:00:00Z,0.0,0.0,,,,
2025-07-05T22:00:00Z,0.0,0.0,,,,
2025-07-05T23:00:00Z,0.0,0.0,,,,
2025-07-06T00:00:00Z,0.0,0.0,,,,
2025-07-06T01:00:00Z,0.0,0.0,,,,
2025-07-06T02:00:00Z,0.0,0.0,,,,
2025-07-06T03:00:00Z,0.0,0.0,,,,
2025-07-06T04:00:00Z,0.0,0.0,,,,
2025-07-06T05:00:00Z,0.0,0.0,,,,
2025-07-06T06:00:00Z,0.0,0.0,,,,
2025-07-06T07:00:00Z,0.0,0.0,,,,
2025-07-06T08:00:00Z,0.0,0.0,,,,
2025-07-06T09:00:00Z,0.0,0.0,,,,
2025-07-06T10:00:00Z,0.0,0.0,,,,
2025-07-06T11:00:00Z,0.0,0.0,,,,
2025-07-06T12:00:00Z,0.0,0.0,,,,
2025-07-06T13:00:00Z,0.0,0.0,,,,
2025-07-06T14:00:00Z,0.0,0.0,,,,
2025-07-06T15:00:00Z,0.0,0.0,,,,
2025-07-06T16:00:00Z,0.0,0.0,,,,
2025-07-06T17:00:00Z,0.0,0.0,,,,
2025-07-06T18:00:00Z,0.0,0.0,,,,
2025-07-06T19:00:00Z,0.0,0.0,,,,
2025-07-06T20:00:00Z,0.0,0.0,,,,
2025-07-06T21:00:00Z,0.0,0.0,,,,
2025-07-06T22:00:00Z,0.0,0.0,,,,
2025-07-06T23:00:00Z,0.0,0.0,,,,
2025-07-07T00:00:00Z,0.0,0.0,,,,
2025-07-07T01:00:00Z,0.0,0.0,,,,
2025-07-07T02:00:00Z,0.0,0.0,,,,
2025-07-07T03:00:00Z,0.0,0.0,,,,
2025-07-07T04:00:00Z,0.0,0.0,,,,
2025-07-07T05:00:00Z,0.0,0.0,,,,
2025-07-07T06:00:00Z,0.0,0.0,,,,
2025-07-07T07:00:00Z,0.0,0.0,,,,
2025-07-07T08:00:00Z,0.0,0.0,,,,
2025-07-07T09:00:00Z,0.0,0.0,,,,
2025-07-07T10:00:00Z,0.0,0.0,,,,
2025-07-07T11:00:00Z,0.0,0.0,,,,
2025-07-07T12:00:00Z,0.0,0.0,,,,
2025-07-07T13:00:00Z,0.0,0.0,,,,
2025-07-07T14:00:00Z,0.0,0.0,,,,
2025-07-07T15:00:00Z,0.0,0.0,,,,
2025-07-07T16:00:00Z,0.0,0.0,,,,
2025-07-07T17:00:00Z,0.0,0.0,,,,
2025-07-07T18:00:00Z,0.0,0.0,,,,
2025-07-07T19:00:00Z,0.0,0.0,,,,
2025-07-07T20:00:00Z,0.0,0.0,,,,
2025-07-07T21:00:00Z,0.0,0.0,,,,
2025-07-07T22:00:00Z,0.0,0.0,,,,
2025-07-07T23:00:00Z,0.0,0.0,,,,
2025-07-08T00:00:00Z,0.0,0.0,,,,
2025-07-08T01:00:00Z,0.0,0.0,,,,
2025-07-08T02:00:00Z,0.0,0.0,,,,
2025-07-08T03:00:00Z,0.0,0.0,,,,
2025-07-08T04:00:00Z,0.0,0.0,,,,
2025-07-08T05:00:00Z,0.0,0.0,,,,
2025-07-08T06:00:00Z,0.0,0.0,,,,
2025-07-08T07:00:00Z,0.0,0.0,,,,
2025-07-08T08:00:00Z,0.0,0.0,,,,
2025-07-08T09:00:00Z,0.0,0.0,,,,
2025-07-08T10:00:00Z,0.0,0.0,,,,
2025-07-08T11:00:00Z,0.0,0.0,,,,
2025-07-08T12:00:00Z,0.0,0.0,,,,
2025-07-08T13:00:00Z,0.0,0.0,,,,
2025-07-08T14:00:00Z,0.0,0.0,,,,
2025-07-08T15:00:00Z,0.0,0.0,,,,
2025-07-08T16:00:00Z,0.0,0.0,,,,
2025-07-08T17:00:00Z,0.0,0.0,,,,
2025-07-08T18:00:00Z,0.0,0.0,,,,
2025-07-08T19:00:00Z,0.0,0.0,,,,
2025-07-08T20:00:00Z,0.0,0.0,,,,
2025-07-08T21:00:00Z,0.0,0.0,,,,
2025-07-08T22:00:00Z,0.0,0.0,,,,
2025-07-08T23:00:00Z,0.0,0.0,,,,
2025-07-09T00:00:00Z,0.0,0.0,,,,
2025-07-09T01:00:00Z,0.0,0.0,,,,
2025-07-09T02:00:00Z,0.0,0.0,,,,
2025-07-09T03:00:00Z,0.0,0.0,,,,
2025-07-09T04:00:00Z,0.0,0.0,,,,
2025-07-09T05:00:00Z,0.0,0.0,,,,
2025-07-09T06:00:00Z,0.0,0.0,,,,
2025-07-09T07:00:00Z,0.0,0.0,,,,
2025-07-09T08:00:00Z,0.0,0.0,,,,
2025-07-09T09:00:00Z,0.0,0.0,,,,
2025-07-09T10:00:00Z,0.0,0.0,,,,
2025-07-09T11:00:00Z,0.0,0.0,,,,
2025-07-09T12:00:00Z,0.0,0.0,,,,
2025-07-09T13:00:00Z,0.0,0.0,,,,
2025-07-09T14:00:00Z,0.0,0.0,,,,
2025-07-09T15:00:00Z,0.0,0.0,,,,
2025-07-09T16:00:00Z,0.0,0.0,,,,
2025-07-09T17:00:00Z,0.0,0.0,,,,
2025-07-09T18:00:00Z,0.0,0.0,,,,
2025-07-09T19:00:00Z,0.0,0.0,,,,
2025-07-09T20:00:00Z,0.0,0.0,,,,
2025-07-09T21:00:00Z,0.0,0.0,,,,
2025-07-09T22:00:00Z,0.0,0.0,,,,
2025-07-09T23:00:00Z,0.0,0.0,,,,
2025-07-10T00:00:00Z,0.0,0.0,,,,
2025-07-10T01:00:00Z,0.0,0.0,,,,
2025-07-10T02:00:00Z,0.0,0.0,,,,
2025-07-10T03:00:00Z,0.0,0.0,,,,
2025-07-10T04:00:00Z,0.0,0.0,,,,
2025-07-10T05:00:00Z,0.0,0.0,,,,
2025-07-10T06:00:00Z,0.0,0.0,,,,
2025-07-10T07:00:00Z,0.0,0.0,,,,
2025-07-10T08:00:00Z,0.0,0.0,,,,
2025-07-10T09:00:00Z,0.0,0.0,,,,
2025-07-10T10:00:00Z,0.0,0.0,,,,
2025-07-10T11:00:00Z,0.0,0.0,,,,
2025-07-10T12:00:00Z,0.0,0.0,,,,
2025-07-10T13:00:00Z,0.0,0.0,,,,
2025-07-10T14:00:00Z,0.0,0.0,,,,
2025-07-10T15:00:00Z,0.0,0.0,,,,
2025-07-10T16:00:00Z,0.0,0.0,,,,
2025-07-10T17:00:00Z,0.0,0.0,,,,
2025-07-10T18:00:00Z,0.0,0.0,,,,
2025-07-10T19:00:00Z,0.0,0.0,,,,
2025-07-10T20:00:00Z,0.0,0.0,,,,
2025-07-10T21:00:00Z,0.0,0.0,,,,
2025-07-10T22:00:00Z,0.0,0.0,,,,
2025-07-10T23:00:00Z,0.0,0.0,,,,
2025-07-11T00:00:00Z,0.0,0.0,,,,
2025-07-11T01:00:00Z,0.0,0.0,,,,
2025-07-11T02:00:00Z,0.0,0.0,,,,
2025-07-11T03:00:00Z,0.0,0.0,,,,
2025-07-11T04:00:00Z,0.0,0.0,,,,
2025-07-11T05:00:00Z,0.0,0.0,,,,
2025-07-11T06:00:00Z,0.0,0.0,,,,
2025-07-11T07:00:00Z,0.0,0.0,,,,
2025-07-11T08:00:00Z,0.0,0.0,,,,
2025-07-11T09:00:00Z,0.0,0.0,,,,
2025-07-11T10:00:00Z,0.0,0.0,,,,
2025-07-11T11:00:00Z,0.0,0.0,,,,
2025-07-11T12:00:00Z,0.0,0.0,,,,
2025-07-11T13:00:00Z,0.0,0.0,,,,
2025-07-11T14:00:00Z,0.0,0.0,,,,
2025-07-11T15:00:00Z,0.0,0.0,,,,
2025-07-11T16:00:00Z,0.0,0.0,,,,
2025-07-11T17:00:00Z,0.0,0.0,,,,
2025-07-11T18:00:00Z,0.0,0.0,,,,
2025-07-11T19:00:00Z,0.0,0.0,,,,
2025-07-11T20:00:00Z,0.0,0.0,,,,
2025-07-11T21:00:00Z,0.0,0.0,,,,
2025-07-11T22:00:00Z,0.0,0.0,,,,
2025-07-11T23:00:00Z,0.0,0.0,,,,
2025-07-12T00:00:00Z,0.0,0.0,,,,
2025-07-12T01:00:00Z,0.0,0.0,,,,
2025-07-12T02:00:00Z,0.0,0.0,,,,
2025-07-12T03:00:00Z,0.0,0.0,,,,
2025-07-12T04:00:00Z,0.0,0.0,,,,
2025-07-12T05:00:00Z,0.0,0.0,,,,
2025-07-12T06:00:00Z,0.0,0.0,,,,
2025-07-12T07:00:00Z,0.0,0.0,,,,
2025-07-12T08:00:00Z,0.0,0.0,,,,
2025-07-12T09:00:00Z,0.0,0.0,,,,
2025-07-12T10:00:00Z,0.0,0.0,,,,
2025-07-12T11:00:00Z,0.0,0.0,,,,
2025-07-12T12:00:00Z,0.0,0.0,,,,
2025-07-12T13:00:00Z,0.0,994928.4,,,0.9984,1.0004
2025-07-12T14:00:00Z,0.0,1725853.8,,,0.9976,1.0008
2025-07-12T15:00:00Z,0.0,376722.3,,,0.9976,0.9995
2025-07-12T16:00:00Z,0.0,0.0,,,,
2025-07-12T17:00:00Z,0.0,0.0,,,,
2025-07-12T18:00:00Z,0.0,0.0,,,,
2025-07-12T19:00:00Z,0.0,0.0,,,,
2025-07-12T20:00:00Z,0.0,0.0,,,,
2025-07-12T21:00:00Z,0.0,0.0,,,,
2025-07-12T22:00:00Z,0.0,0.0,,,,
2025-07-12T23:00:00Z,0.0,0.0,,,,
2025-07-13T00:00:00Z,0.0,0.0,,,,
2025-07-13T01:00:00Z,0.0,0.0,,,,
2025-07-13T02:00:00Z,0.0,0.0,,,,
2025-07-13T03:00:00Z,0.0,0.0,,,,
2025-07-13T04:00:00Z,0.0,0.0,,,,
2025-07-13T05:00:00Z,0.0,0.0,,,,
2025-07-13T06:00:00Z,0.0,0.0,,,,
2025-07-13T07:00:00Z,0.0,0.0,,,,
2025-07-13T08:00:00Z,0.0,0.0,,,,
2025-07-13T09:00:00Z,0.0,0.0,,,,
2025-07-13T10:00:00Z,0.0,0.0,,,,
2025-07-13T11:00:00Z,0.0,0.0,,,,
2025-07-13T12:00:00Z,0.0,0.0,,,,
2025-07-13T13:00:00Z,0.0,0.0,,,,
2025-07-13T14:00:00Z,0.0,0.0,,,,
2025-07-13T15:00:00Z,0.0,0.0,,,,
2025-07-13T16:00:00Z,0.0,0.0,,,,
2025-07-13T17:00:00Z,0.0,0.0,,,,
2025-07-13T18:00:00Z,0.0,0.0,,,,
2025-07-13T19:00:00Z,17428746.284918003,0.0,0.9692838661414819,0.9995702497335108,,
2025-07-13T20:00:00Z,0.0,0.0,,,,
2025-07-13T21:00:00Z,0.0,0.0,,,,
2025-07-13T22:00:00Z,0.0,0.0,,,,
2025-07-13T23:00:00Z,0.0,0.0,,,,
2025-07-14T00:00:00Z,0.0,0.0,,,,
2025-07-14T01:00:00Z,0.0,0.0,,,,
2025-07-14T02:00:00Z,0.0,0.0,,,,
2025-07-14T03:00:00Z,0.0,0.0,,,,
2025-07-14T04:00:00Z,0.0,0.0,,,,
2025-07-14T05:00:00Z,0.0,0.0,,,,
2025-07-14T06:00:00Z,0.0,0.0,,,,
2025-07-14T07:00:00Z,0.0,0.0,,,,
2025-07-14T08:00:00Z,0.0,0.0,,,,
2025-07-14T09:00:00Z,0.0,0.0,,,,
2025-07-14T10:00:00Z,0.0,0.0,,,,
2025-07-14T11:00:00Z,0.0,0.0,,,,
2025-07-14T12:00:00Z,0.0,0.0,,,,
2025-07-14T13:00:00Z,0.0,0.0,,,,
2025-07-14T14:00:00Z,0.0,0.0,,,,
2025-07-14T15:00:00Z,0.0,0.0,,,,
2025-07-14T16:00:00Z,0.0,0.0,,,,
2025-07-14T17:00:00Z,0.0,0.0,,,,
2025-07-14T18:00:00Z,0.0,0.0,,,,
2025-07-14T19:00:00Z,0.0,0.0,,,,
2025-07-14T20:00:00Z,0.0,0.0,,,,
2025-07-14T21:00:00Z,0.0,0.0,,,,
2025-07-14T22:00:00Z,0.0,0.0,,,,
2025-07-14T23:00:00Z,0.0,0.0,,,,
2025-07-15T00:00:00Z,0.0,0.0,,,,
2025-07-15T01:00:00Z,0.0,0.0,,,,
2025-07-15T02:00:00Z,0.0,0.0,,,,
2025-07-15T03:00:00Z,0.0,0.0,,,,
2025-07-15T04:00:00Z,0.0,0.0,,,,
2025-07-15T05:00:00Z,0.0,0.0,,,,
2025-07-15T06:00:00Z,0.0,0.0,,,,
2025-07-15T07:00:00Z,0.0,0.0,,,,
2025-07-15T08:00:00Z,0.0,0.0,,,,
2025-07-15T09:00:00Z,0.0,0.0,,,,
2025-07-15T10:00:00Z,0.0,0.0,,,,
2025-07-15T11:00:00Z,0.0,0.0,,,,
2025-07-15T12:00:00Z,0.0,0.0,,,,
2025-07-15T13:00:00Z,0.0,0.0,,,,
2025-07-15T14:00:00Z,0.0,0.0,,,,
2025-07-15T15:00:00Z,0.0,0.0,,,,
2025-07-15T16:00:00Z,0.0,0.0,,,,
2025-07-15T17:00:00Z,0.0,0.0,,,,
2025-07-15T18:00:00Z,0.0,0.0,,,,
2025-07-15T19:00:00Z,0.0,0.0,,,,
2025-07-15T20:00:00Z,0.0,0.0,,,,
2025-07-15T21:00:00Z,0.0,0.0,,,,
2025-07-15T22:00:00Z,0.0,0.0,,,,
2025-07-15T23:00:00Z,0.0,0.0,,,,
2025-07-16T00:00:00Z,0.0,0.0,,,,
2025-07-16T01:00:00Z,0.0,0.0,,,,
2025-07-16T02:00:00Z,0.0,0.0,,,,
2025-07-16T03:00:00Z,0.0,0.0,,,,
2025-07-16T04:00:00Z,0.0,0.0,,,,
2025-07-16T05:00:00Z,0.0,0.0,,,,
2025-07-16T06:00:00Z,0.0,0.0,,,,
2025-07-16T07:00:00Z,0.0,0.0,,,,
2025-07-16T08:00:00Z,0.0,0.0,,,,
2025-07-16T09:00:00Z,0.0,0.0,,,,
2025-07-16T10:00:00Z,0.0,0.0,,,,
2025-07-16T11:00:00Z,0.0,0.0,,,,
2025-07-16T12:00:00Z,0.0,0.0,,,,
2025-07-16T13:00:00Z,0.0,0.0,,,,
2025-07-16T14:00:00Z,0.0,0.0,,,,
2025-07-16T15:00:00Z,0.0,0.0,,,,
2025-07-16T16:00:00Z,0.0,0.0,,,,
2025-07-16T17:00:00Z,0.0,0.0,,,,
2025-07-16T18:00:00Z,0.0,0.0,,,,
2025-07-16T19:00:00Z,0.0,0.0,,,,
2025-07-16T20:00:00Z,0.0,0.0,,,,
2025-07-16T21:00:00Z,0.0,0.0,,,,
2025-07-16T22:00:00Z,0.0,0.0,,,,
2025-07-16T23:00:00Z,0.0,0.0,,,,
2025-07-17T00:00:00Z,0.0,0.0,,,,
2025-07-17T01:00:00Z,0.0,0.0,,,,
2025-07-17T02:00:00Z,0.0,0.0,,,,
2025-07-17T03:00:00Z,0.0,0.0,,,,
2025-07-17T04:00:00Z,0.0,0.0,,,,
2025-07-17T05:00:00Z,0.0,0.0,,,,
2025-07-17T06:00:00Z,0.0,0.0,,,,
2025-07-17T07:00:00Z,0.0,0.0,,,,
2025-07-17T08:00:00Z,0.0,0.0,,,,
2025-07-17T09:00:00Z,0.0,0.0,,,,
2025-07-17T10:00:00Z,0.0,0.0,,,,
2025-07-17T11:00:00Z,0.0,0.0,,,,
2025-07-17T12:00:00Z,0.0,0.0,,,,
2025-07-17T13:00:00Z,0.0,0.0,,,,
2025-07-17T14:00:00Z,0.0,0.0,,,,
2025-07-17T15:00:00Z,0.0,0.0,,,,
2025-07-17T16:00:00Z,0.0,0.0,,,,
2025-07-17T17:00:00Z,0.0,0.0,,,,
2025-07-17T18:00:00Z,0.0,0.0,,,,
2025-07-17T19:00:00Z,0.0,0.0,,,,
2025-07-17T20:00:00Z,0.0,0.0,,,,
2025-07-17T21:00:00Z,0.0,0.0,,,,
2025-07-17T22:00:00Z,0.0,0.0,,,,
2025-07-17T23:00:00Z,0.0,0.0,,,,
2025-07-18T00:00:00Z,0.0,0.0,,,,
2025-07-18T01:00:00Z,0.0,0.0,,,,
2025-07-18T02:00:00Z,0.0,0.0,,,,
2025-07-18T03:00:00Z,0.0,0.0,,,,
2025-07-18T04:00:00Z,0.0,0.0,,,,
2025-07-18T05:00:00Z,7045377.580599,0.0,0.9989054217503343,0.9992749972872674,,
2025-07-18T06:00:00Z,0.0,0.0,,,,
2025-07-18T07:00:00Z,12624781.907291003,0.0,0.9978892756452384,0.9991535836248921,,
2025-07-18T08:00:00Z,4097778.420424,0.0,0.9989483860968851,0.9993387648068881,,
2025-07-18T09:00:00Z,0.0,0.0,,,,
2025-07-18T10:00:00Z,0.0,0.0,,,,
2025-07-18T11:00:00Z,0.0,0.0,,,,
2025-07-18T12:00:00Z,0.0,0.0,,,,
2025-07-18T13:00:00Z,0.0,0.0,,,,
2025-07-18T14:00:00Z,0.0,0.0,,,,
2025-07-18T15:00:00Z,0.0,0.0,,,,
2025-07-18T16:00:00Z,0.0,0.0,,,,
2025-07-18T17:00:00Z,0.0,0.0,,,,
2025-07-18T18:00:00Z,0.0,0.0,,,,
2025-07-18T19:00:00Z,0.0,0.0,,,,
2025-07-18T20:00:00Z,0.0,0.0,,,,
2025-07-18T21:00:00Z,0.0,0.0,,,,
2025-07-18T22:00:00Z,0.0,0.0,,,,
2025-07-18T23:00:00Z,0.0,0.0,,,,
2025-07-19T00:00:00Z,0.0,0.0,,,,
2025-07-19T01:00:00Z,0.0,0.0,,,,
2025-07-19T02:00:00Z,0.0,0.0,,,,
2025-07-19T03:00:00Z,0.0,0.0,,,,
2025-07-19T04:00:00Z,0.0,0.0,,,,
2025-07-19T05:00:00Z,0.0,0.0,,,,
2025-07-19T06:00:00Z,0.0,0.0,,,,
2025-07-19T07:00:00Z,0.0,0.0,,,,
2025-07-19T08:00:00Z,0.0,0.0,,,,
2025-07-19T09:00:00Z,0.0,0.0,,,,
2025-07-19T10:00:00Z,0.0,0.0,,,,
2025-07-19T11:00:00Z,0.0,0.0,,,,
2025-07-19T12:00:00Z,0.0,0.0,,,,
2025-07-19T13:00:00Z,0.0,0.0,,,,
2025-07-19T14:00:00Z,0.0,0.0,,,,
2025-07-19T15:00:00Z,0.0,0.0,,,,
2025-07-19T16:00:00Z,0.0,0.0,,,,
2025-07-19T17:00:00Z,0.0,0.0,,,,
2025-07-19T18:00:00Z,0.0,0.0,,,,
2025-07-19T19:00:00Z,0.0,0.0,,,,
2025-07-19T20:00:00Z,0.0,0.0,,,,
2025-07-19T21:00:00Z,0.0,0.0,,,,
2025-07-19T22:00:00Z,0.0,0.0,,,,
2025-07-19T23:00:00Z,0.0,0.0,,,,
2025-07-20T00:00:00Z,0.0,0.0,,,,
2025-07-20T01:00:00Z,0.0,0.0,,,,
2025-07-20T02:00:00Z,0.0,0.0,,,,
2025-07-20T03:00:00Z,0.0,0.0,,,,
2025-07-20T04:00:00Z,0.0,0.0,,,,
2025-07-20T05:00:00Z,0.0,0.0,,,,
2025-07-20T06:00:00Z,0.0,0.0,,,,
2025-07-20T07:00:00Z,0.0,0.0,,,,
2025-07-20T08:00:00Z,0.0,0.0,,,,
2025-07-20T09:00:00Z,0.0,0.0,,,,
2025-07-20T10:00:00Z,0.0,0.0,,,,
2025-07-20T11:00:00Z,0.0,0.0,,,,
2025-07-20T12:00:00Z,0.0,0.0,,,,
2025-07-20T13:00:00Z,0.0,0.0,,,,
2025-07-20T14:00:00Z,0.0,0.0,,,,
2025-07-20T15:00:00Z,0.0,0.0,,,,
2025-07-20T16:00:00Z,0.0,0.0,,,,
2025-07-20T17:00:00Z,0.0,0.0,,,,
2025-07-20T18:00:00Z,0.0,0.0,,,,
2025-07-20T19:00:00Z,0.0,0.0,,,,
2025-07-20T20:00:00Z,0.0,0.0,,,,
2025-07-20T21:00:00Z,0.0,0.0,,,,
2025-07-20T22:00:00Z,0.0,0.0,,,,
2025-07-20T23:00:00Z,13560906.583931997,0.0,0.7995639158489265,0.9995570561650926,,
2025-07-21T00:00:00Z,12694245.572545001,0.0,0.9885888554271953,0.9995425426507634,,
2025-07-21T01:00:00Z,0.0,0.0,,,,
2025-07-21T02:00:00Z,0.0,0.0,,,,
2025-07-21T03:00:00Z,0.0,0.0,,,,
2025-07-21T04:00:00Z,0.0,0.0,,,,
2025-07-21T05:00:00Z,0.0,0.0,,,,
2025-07-21T06:00:00Z,0.0,0.0,,,,
2025-07-21T07:00:00Z,0.0,0.0,,,,
2025-07-21T08:00:00Z,0.0,0.0,,,,
2025-07-21T09:00:00Z,0.0,0.0,,,,
2025-07-21T10:00:00Z,0.0,0.0,,,,
2025-07-21T11:00:00Z,0.0,0.0,,,,
2025-07-21T12:00:00Z,0.0,0.0,,,,
2025-07-21T13:00:00Z,0.0,0.0,,,,
2025-07-21T14:00:00Z,0.0,0.0,,,,
2025-07-21T15:00:00Z,0.0,0.0,,,,
2025-07-21T16:00:00Z,0.0,0.0,,,,
2025-07-21T17:00:00Z,0.0,0.0,,,,
2025-07-21T18:00:00Z,0.0,0.0,,,,
2025-07-21T19:00:00Z,0.0,0.0,,,,
2025-07-21T20:00:00Z,0.0,0.0,,,,
2025-07-21T21:00:00Z,0.0,0.0,,,,
2025-07-21T22:00:00Z,0.0,0.0,,,,
2025-07-21T23:00:00Z,0.0,0.0,,,,
2025-07-22T00:00:00Z,0.0,0.0,,,,
2025-07-22T01:00:00Z,0.0,0.0,,,,
2025-07-22T02:00:00Z,0.0,0.0,,,,
2025-07-22T03:00:00Z,0.0,0.0,,,,
2025-07-22T04:00:00Z,0.0,0.0,,,,
2025-07-22T05:00:00Z,0.0,0.0,,,,
2025-07-22T06:00:00Z,9856370.049589,0.0,0.9945164377437569,0.9994426161904766,,
2025-07-22T07:00:00Z,0.0,0.0,,,,
2025-07-22T08:00:00Z,0.0,0.0,,,,
2025-07-22T09:00:00Z,0.0,0.0,,,,
2025-07-22T10:00:00Z,0.0,0.0,,,,
2025-07-22T11:00:00Z,0.0,0.0,,,,
2025-07-22T12:00:00Z,0.0,0.0,,,,
2025-07-22T13:00:00Z,0.0,0.0,,,,
2025-07-22T14:00:00Z,0.0,0.0,,,,
2025-07-22T15:00:00Z,8964653.377200002,0.0,0.9944165517315445,0.9994330958018107,,
2025-07-22T16:00:00Z,0.0,0.0,,,,
2025-07-22T17:00:00Z,0.0,0.0,,,,
2025-07-22T18:00:00Z,0.0,0.0,,,,
2025-07-22T19:00:00Z,0.0,0.0,,,,
2025-07-22T20:00:00Z,0.0,0.0,,,,
2025-07-22T21:00:00Z,0.0,0.0,,,,
2025-07-22T22:00:00Z,0.0,0.0,,,,
2025-07-22T23:00:00Z,0.0,0.0,,,,
2025-07-23T00:00:00Z,0.0,0.0,,,,
2025-07-23T01:00:00Z,0.0,0.0,,,,
2025-07-23T02:00:00Z,0.0,0.0,,,,
2025-07-23T03:00:00Z,0.0,0.0,,,,
2025-07-23T04:00:00Z,0.0,0.0,,,,
2025-07-23T05:00:00Z,0.0,0.0,,,,
2025-07-23T06:00:00Z,0.0,0.0,,,,
2025-07-23T07:00:00Z,0.0,0.0,,,,
2025-07-23T08:00:00Z,0.0,0.0,,,,
2025-07-23T09:00:00Z,0.0,0.0,,,,
2025-07-23T10:00:00Z,0.0,0.0,,,,
2025-07-23T11:00:00Z,0.0,0.0,,,,
2025-07-23T12:00:00Z,0.0,0.0,,,,
2025-07-23T13:00:00Z,0.0,0.0,,,,
2025-07-23T14:00:00Z,0.0,0.0,,,,
2025-07-23T15:00:00Z,0.0,0.0,,,,
2025-07-23T16:00:00Z,0.0,0.0,,,,
2025-07-23T17:00:00Z,0.0,0.0,,,,
2025-07-23T18:00:00Z,0.0,0.0,,,,
2025-07-23T19:00:00Z,0.0,0.0,,,,
2025-07-23T20:00:00Z,38090699.33303899,0.0,0.999519606499229,1.0995436702272359,,
2025-07-23T21:00:00Z,0.0,0.0,,,,
2025-07-23T22:00:00Z,0.0,0.0,,,,
2025-07-23T23:00:00Z,0.0,0.0,,,,
2025-07-24T00:00:00Z,0.0,0.0,,,,
2025-07-24T01:00:00Z,0.0,0.0,,,,
2025-07-24T02:00:00Z,0.0,0.0,,,,
2025-07-24T03:00:00Z,0.0,0.0,,,,
2025-07-24T04:00:00Z,0.0,0.0,,,,
2025-07-24T05:00:00Z,0.0,0.0,,,,
2025-07-24T06:00:00Z,0.0,0.0,,,,
2025-07-24T07:00:00Z,0.0,0.0,,,,
2025-07-24T08:00:00Z,0.0,0.0,,,,
2025-07-24T09:00:00Z,0.0,0.0,,,,
2025-07-24T10:00:00Z,0.0,0.0,,,,
2025-07-24T11:00:00Z,0.0,0.0,,,,
2025-07-24T12:00:00Z,0.0,0.0,,,,
2025-07-24T13:00:00Z,0.0,0.0,,,,
2025-07-24T14:00:00Z,0.0,0.0,,,,
2025-07-24T15:00:00Z,0.0,0.0,,,,
2025-07-24T16:00:00Z,0.0,0.0,,,,
2025-07-24T17:00:00Z,0.0,0.0,,,,
2025-07-24T18:00:00Z,0.0,0.0,,,,
2025-07-24T19:00:00Z,0.0,0.0,,,,
2025-07-24T20:00:00Z,0.0,0.0,,,,
2025-07-24T21:00:00Z,0.0,0.0,,,,
2025-07-24T22:00:00Z,0.0,0.0,,,,
2025-07-24T23:00:00Z,0.0,0.0,,,,
2025-07-25T00:00:00Z,0.0,0.0,,,,
2025-07-25T01:00:00Z,0.0,0.0,,,,
2025-07-25T02:00:00Z,0.0,0.0,,,,
2025-07-25T03:00:00Z,0.0,0.0,,,,
2025-07-25T04:00:00Z,0.0,0.0,,,,
2025-07-25T05:00:00Z,0.0,0.0,,,,
2025-07-25T06:00:00Z,0.0,0.0,,,,
2025-07-25T07:00:00Z,0.0,0.0,,,,
2025-07-25T08:00:00Z,0.0,0.0,,,,
2025-07-25T09:00:00Z,0.0,0.0,,,,
2025-07-25T10:00:00Z,0.0,0.0,,,,
2025-07-25T11:00:00Z,0.0,0.0,,,,
2025-07-25T12:00:00Z,0.0,0.0,,,,
2025-07-25T13:00:00Z,0.0,0.0,,,,
2025-07-25T14:00:00Z,0.0,0.0,,,,
2025-07-25T15:00:00Z,0.0,0.0,,,,
2025-07-25T16:00:00Z,0.0,0.0,,,,
2025-07-25T17:00:00Z,0.0,0.0,,,,
2025-07-25T18:00:00Z,0.0,0.0,,,,
2025-07-25T19:00:00Z,0.0,0.0,,,,
2025-07-25T20:00:00Z,0.0,0.0,,,,
2025-07-25T21:00:00Z,0.0,0.0,,,,
2025-07-25T22:00:00Z,0.0,0.0,,,,
2025-07-25T23:00:00Z,0.0,0.0,,,,
2025-07-26T00:00:00Z,0.0,0.0,,,,
2025-07-26T01:00:00Z,0.0,0.0,,,,
2025-07-26T02:00:00Z,0.0,0.0,,,,
2025-07-26T03:00:00Z,0.0,0.0,,,,
2025-07-26T04:00:00Z,0.0,0.0,,,,
2025-07-26T05:00:00Z,0.0,0.0,,,,
2025-07-26T06:00:00Z,0.0,0.0,,,,
2025-07-26T07:00:00Z,0.0,0.0,,,,
2025-07-26T08:00:00Z,0.0,0.0,,,,
2025-07-26T09:00:00Z,0.0,0.0,,,,
2025-07-26T10:00:00Z,0.0,0.0,,,,
2025-07-26T11:00:00Z,14028826.522786997,0.0,0.9819619663119414,0.9996540297174894,,
2025-07-26T12:00:00Z,0.0,0.0,,,,
2025-07-26T13:00:00Z,0.0,0.0,,,,
2025-07-26T14:00:00Z,0.0,0.0,,,,
2025-07-26T15:00:00Z,0.0,0.0,,,,
2025-07-26T16:00:00Z,0.0,0.0,,,,
2025-07-26T17:00:00Z,0.0,0.0,,,,
2025-07-26T18:00:00Z,0.0,0.0,,,,
2025-07-26T19:00:00Z,0.0,0.0,,,,
2025-07-26T20:00:00Z,0.0,0.0,,,,
2025-07-26T21:00:00Z,0.0,0.0,,,,
2025-07-26T22:00:00Z,0.0,0.0,,,,
2025-07-26T23:00:00Z,0.0,0.0,,,,
2025-07-27T00:00:00Z,0.0,0.0,,,,
2025-07-27T01:00:00Z,0.0,0.0,,,,
2025-07-27T02:00:00Z,0.0,0.0,,,,
2025-07-27T03:00:00Z,0.0,0.0,,,,
2025-07-27T04:00:00Z,0.0,0.0,,,,
2025-07-27T05:00:00Z,0.0,0.0,,,,
2025-07-27T06:00:00Z,0.0,0.0,,,,
2025-07-27T07:00:00Z,0.0,0.0,,,,
2025-07-27T08:00:00Z,0.0,0.0,,,,
2025-07-27T09:00:00Z,0.0,0.0,,,,
2025-07-27T10:00:00Z,0.0,0.0,,,,
2025-07-27T11:00:00Z,0.0,0.0,,,,
2025-07-27T12:00:00Z,0.0,0.0,,,,
2025-07-27T13:00:00Z,0.0,0.0,,,,
2025-07-27T14:00:00Z,0.0,0.0,,,,
2025-07-27T15:00:00Z,0.0,0.0,,,,
2025-07-27T16:00:00Z,0.0,0.0,,,,
2025-07-27T17:00:00Z,0.0,0.0,,,,
2025-07-27T18:00:00Z,0.0,0.0,,,,
2025-07-27T19:00:00Z,0.0,0.0,,,,
2025-07-27T20:00:00Z,14127679.989929998,0.0,0.9946647046734103,0.9996543806964432,,
2025-07-27T21:00:00Z,0.0,0.0,,,,
2025-07-27T22:00:00Z,0.0,0.0,,,,
2025-07-27T23:00:00Z,0.0,0.0,,,,
2025-07-28T00:00:00Z,0.0,0.0,,,,
2025-07-28T01:00:00Z,0.0,0.0,,,,
2025-07-28T02:00:00Z,0.0,0.0,,,,
2025-07-28T03:00:00Z,0.0,0.0,,,,
2025-07-28T04:00:00Z,0.0,0.0,,,,
2025-07-28T05:00:00Z,0.0,0.0,,,,
2025-07-28T06:00:00Z,0.0,0.0,,,,
2025-07-28T07:00:00Z,0.0,0.0,,,,
2025-07-28T08:00:00Z,0.0,0.0,,,,
2025-07-28T09:00:00Z,0.0,0.0,,,,
2025-07-28T10:00:00Z,0.0,0.0,,,,
2025-07-28T11:00:00Z,0.0,0.0,,,,
2025-07-28T12:00:00Z,0.0,0.0,,,,
2025-07-28T13:00:00Z,0.0,0.0,,,,
2025-07-28T14:00:00Z,0.0,0.0,,,,
2025-07-28T15:00:00Z,0.0,0.0,,,,
2025-07-28T16:00:00Z,0.0,0.0,,,,
2025-07-28T17:00:00Z,0.0,0.0,,,,
2025-07-28T18:00:00Z,0.0,0.0,,,,
2025-07-28T19:00:00Z,0.0,0.0,,,,
2025-07-28T20:00:00Z,0.0,0.0,,,,
2025-07-28T21:00:00Z,0.0,0.0,,,,
2025-07-28T22:00:00Z,0.0,0.0,,,,
2025-07-28T23:00:00Z,0.0,0.0,,,,
2025-07-29T00:00:00Z,0.0,0.0,,,,
2025-07-29T01:00:00Z,0.0,0.0,,,,
2025-07-29T02:00:00Z,0.0,0.0,,,,
2025-07-29T03:00:00Z,0.0,0.0,,,,
2025-07-29T04:00:00Z,0.0,0.0,,,,
2025-07-29T05:00:00Z,0.0,0.0,,,,
2025-07-29T06:00:00Z,0.0,0.0,,,,
2025-07-29T07:00:00Z,0.0,0.0,,,,
2025-07-29T08:00:00Z,0.0,0.0,,,,
2025-07-29T09:00:00Z,0.0,0.0,,,,
2025-07-29T10:00:00Z,0.0,0.0,,,,
2025-07-29T11:00:00Z,0.0,0.0,,,,
2025-07-29T12:00:00Z,0.0,0.0,,,,
2025-07-29T13:00:00Z,0.0,0.0,,,,
2025-07-29T14:00:00Z,0.0,0.0,,,,
2025-07-29T15:00:00Z,0.0,0.0,,,,
2025-07-29T16:00:00Z,0.0,0.0,,,,
2025-07-29T17:00:00Z,0.0,0.0,,,,
2025-07-29T18:00:00Z,0.0,0.0,,,,
2025-07-29T19:00:00Z,0.0,0.0,,,,
2025-07-29T20:00:00Z,0.0,0.0,,,,
2025-07-29T21:00:00Z,0.0,0.0,,,,
2025-07-29T22:00:00Z,0.0,0.0,,,,
2025-07-29T23:00:00Z,0.0,0.0,,,,
2025-07-30T00:00:00Z,0.0,0.0,,,,
2025-07-30T01:00:00Z,0.0,0.0,,,,
2025-07-30T02:00:00Z,0.0,0.0,,,,
2025-07-30T03:00:00Z,0.0,0.0,,,,
2025-07-30T04:00:00Z,0.0,0.0,,,,
2025-07-30T05:00:00Z,0.0,0.0,,,,
2025-07-30T06:00:00Z,0.0,0.0,,,,
2025-07-30T07:00:00Z,0.0,0.0,,,,
2025-07-30T08:00:00Z,0.0,0.0,,,,
2025-07-30T09:00:00Z,0.0,0.0,,,,
2025-07-30T10:00:00Z,0.0,0.0,,,,
2025-07-30T11:00:00Z,0.0,0.0,,,,
2025-07-30T12:00:00Z,0.0,0.0,,,,
2025-07-30T13:00:00Z,0.0,0.0,,,,
2025-07-30T14:00:00Z,0.0,0.0,,,,
2025-07-30T15:00:00Z,0.0,0.0,,,,
2025-07-30T16:00:00Z,0.0,0.0,,,,
2025-07-30T17:00:00Z,0.0,0.0,,,,
2025-07-30T18:00:00Z,0.0,0.0,,,,
2025-07-30T19:00:00Z,0.0,0.0,,,,
2025-07-30T20:00:00Z,0.0,0.0,,,,
2025-07-30T21:00:00Z,0.0,0.0,,,,
2025-07-30T22:00:00Z,0.0,0.0,,,,
2025-07-30T23:00:00Z,0.0,0.0,,,,
2025-07-31T00:00:00Z,0.0,0.0,,,,
2025-07-31T01:00:00Z,0.0,0.0,,,,
2025-07-31T02:00:00Z,0.0,0.0,,,,
2025-07-31T03:00:00Z,0.0,0.0,,,,
2025-07-31T04:00:00Z,0.0,0.0,,,,
2025-07-31T05:00:00Z,0.0,0.0,,,,
2025-07-31T06:00:00Z,0.0,0.0,,,,
2025-07-31T07:00:00Z,0.0,0.0,,,,
2025-07-31T08:00:00Z,0.0,0.0,,,,
2025-07-31T09:00:00Z,0.0,0.0,,,,
2025-07-31T10:00:00Z,0.0,0.0,,,,
2025-07-31T11:00:00Z,0.0,0.0,,,,
2025-07-31T12:00:00Z,0.0,0.0,,,,
2025-07-31T13:00:00Z,0.0,0.0,,,,
2025-07-31T14:00:00Z,0.0,0.0,,,,
2025-07-31T15:00:00Z,0.0,0.0,,,,
2025-07-31T16:00:00Z,0.0,0.0,,,,
2025-07-31T17:00:00Z,0.0,0.0,,,,
2025-07-31T18:00:00Z,0.0,0.0,,,,
2025-07-31T19:00:00Z,0.0,0.0,,,,
2025-07-31T20:00:00Z,0.0,0.0,,,,
2025-07-31T21:00:00Z,0.0,0.0,,,,
2025-07-31T22:00:00Z,0.0,0.0,,,,
2025-07-31T23:00:00Z,0.0,0.0,,,,
2025-08-01T00:00:00Z,0.0,0.0,,,,
2025-08-01T01:00:00Z,0.0,0.0,,,,
2025-08-01T02:00:00Z,0.0,0.0,,,,
2025-08-01T03:00:00Z,0.0,0.0,,,,
2025-08-01T04:00:00Z,0.0,0.0,,,,
2025-08-01T05:00:00Z,0.0,0.0,,,,
2025-08-01T06:00:00Z,0.0,0.0,,,,
2025-08-01T07:00:00Z,0.0,0.0,,,,
2025-08-01T08:00:00Z,0.0,0.0,,,,
2025-08-01T09:00:00Z,0.0,0.0,,,,
2025-08-01T10:00:00Z,0.0,0.0,,,,
2025-08-01T11:00:00Z,0.0,0.0,,,,
2025-08-01T12:00:00Z,0.0,0.0,,,,
2025-08-01T13:00:00Z,0.0,0.0,,,,
2025-08-01T14:00:00Z,0.0,0.0,,,,
2025-08-01T15:00:00Z,0.0,0.0,,,,
2025-08-01T16:00:00Z,0.0,0.0,,,,
2025-08-01T17:00:00Z,0.0,0.0,,,,
2025-08-01T18:00:00Z,0.0,0.0,,,,
2025-08-01T19:00:00Z,0.0,0.0,,,,
2025-08-01T20:00:00Z,0.0,0.0,,,,
2025-08-01T21:00:00Z,0.0,0.0,,,,
2025-08-01T22:00:00Z,0.0,0.0,,,,
2025-08-01T23:00:00Z,0.0,0.0,,,,
2025-08-02T00:00:00Z,0.0,0.0,,,,
2025-08-02T01:00:00Z,0.0,0.0,,,,
2025-08-02T02:00:00Z,0.0,0.0,,,,
2025-08-02T03:00:00Z,0.0,0.0,,,,
2025-08-02T04:00:00Z,0.0,0.0,,,,
2025-08-02T05:00:00Z,0.0,0.0,,,,
2025-08-02T06:00:00Z,0.0,0.0,,,,
2025-08-02T07:00:00Z,0.0,0.0,,,,
2025-08-02T08:00:00Z,0.0,0.0,,,,
2025-08-02T09:00:00Z,0.0,0.0,,,,
2025-08-02T10:00:00Z,0.0,0.0,,,,
2025-08-02T11:00:00Z,0.0,0.0,,,,
2025-08-02T12:00:00Z,0.0,0.0,,,,
2025-08-02T13:00:00Z,0.0,0.0,,,,
2025-08-02T14:00:00Z,0.0,0.0,,,,
2025-08-02T15:00:00Z,0.0,0.0,,,,
2025-08-02T16:00:00Z,0.0,0.0,,,,
2025-08-02T17:00:00Z,0.0,0.0,,,,
2025-08-02T18:00:00Z,20200761.500218004,0.0,0.9850692027247054,1.0001349323630742,,
2025-08-02T19:00:00Z,0.0,0.0,,,,
2025-08-02T20:00:00Z,0.0,0.0,,,,
2025-08-02T21:00:00Z,0.0,0.0,,,,
2025-08-02T22:00:00Z,0.0,0.0,,,,
2025-08-02T23:00:00Z,0.0,0.0,,,,
2025-08-03T00:00:00Z,0.0,0.0,,,,
2025-08-03T01:00:00Z,0.0,0.0,,,,
2025-08-03T02:00:00Z,0.0,0.0,,,,
2025-08-03T03:00:00Z,0.0,0.0,,,,
2025-08-03T04:00:00Z,0.0,0.0,,,,
2025-08-03T05:00:00Z,0.0,0.0,,,,
2025-08-03T06:00:00Z,0.0,0.0,,,,
2025-08-03T07:00:00Z,0.0,0.0,,,,
2025-08-03T08:00:00Z,0.0,0.0,,,,
2025-08-03T09:00:00Z,0.0,0.0,,,,
2025-08-03T10:00:00Z,0.0,0.0,,,,
2025-08-03T11:00:00Z,0.0,0.0,,,,
2025-08-03T12:00:00Z,0.0,0.0,,,,
2025-08-03T13:00:00Z,0.0,0.0,,,,
2025-08-03T14:00:00Z,0.0,0.0,,,,
2025-08-03T15:00:00Z,0.0,0.0,,,,
2025-08-03T16:00:00Z,0.0,0.0,,,,
2025-08-03T17:00:00Z,0.0,0.0,,,,
2025-08-03T18:00:00Z,0.0,0.0,,,,
2025-08-03T19:00:00Z,0.0,0.0,,,,
2025-08-03T20:00:00Z,0.0,0.0,,,,
2025-08-03T21:00:00Z,0.0,0.0,,,,
2025-08-03T22:00:00Z,0.0,0.0,,,,
2025-08-03T23:00:00Z,0.0,0.0,,,,
2025-08-04T00:00:00Z,0.0,0.0,,,,
2025-08-04T01:00:00Z,0.0,0.0,,,,
2025-08-04T02:00:00Z,0.0,0.0,,,,
2025-08-04T03:00:00Z,0.0,0.0,,,,
2025-08-04T04:00:00Z,0.0,0.0,,,,
2025-08-04T05:00:00Z,0.0,0.0,,,,
2025-08-04T06:00:00Z,0.0,0.0,,,,
2025-08-04T07:00:00Z,0.0,0.0,,,,
2025-08-04T08:00:00Z,0.0,0.0,,,,
2025-08-04T09:00:00Z,0.0,0.0,,,,
2025-08-04T10:00:00Z,0.0,0.0,,,,
2025-08-04T11:00:00Z,0.0,0.0,,,,
2025-08-04T12:00:00Z,0.0,0.0,,,,
2025-08-04T13:00:00Z,0.0,0.0,,,,
2025-08-04T14:00:00Z,0.0,0.0,,,,
2025-08-04T15:00:00Z,0.0,0.0,,,,
2025-08-04T16:00:00Z,0.0,0.0,,,,
2025-08-04T17:00:00Z,0.0,0.0,,,,
2025-08-04T18:00:00Z,0.0,0.0,,,,
2025-08-04T19:00:00Z,0.0,0.0,,,,
2025-08-04T20:00:00Z,0.0,0.0,,,,
2025-08-04T21:00:00Z,0.0,0.0,,,,
2025-08-04T22:00:00Z,0.0,0.0,,,,
2025-08-04T23:00:00Z,0.0,0.0,,,,
2025-08-05T00:00:00Z,0.0,0.0,,,,
2025-08-05T01:00:00Z,0.0,0.0,,,,
2025-08-05T02:00:00Z,0.0,0.0,,,,
2025-08-05T03:00:00Z,0.0,0.0,,,,
2025-08-05T04:00:00Z,0.0,0.0,,,,
2025-08-05T05:00:00Z,0.0,0.0,,,,
2025-08-05T06:00:00Z,0.0,0.0,,,,
2025-08-05T07:00:00Z,0.0,0.0,,,,
2025-08-05T08:00:00Z,0.0,0.0,,,,
2025-08-05T09:00:00Z,0.0,0.0,,,,
2025-08-05T10:00:00Z,0.0,0.0,,,,
2025-08-05T11:00:00Z,0.0,0.0,,,,
2025-08-05T12:00:00Z,0.0,0.0,,,,
2025-08-05T13:00:00Z,0.0,0.0,,,,
2025-08-05T14:00:00Z,0.0,0.0,,,,
2025-08-05T15:00:00Z,0.0,0.0,,,,
2025-08-05T16:00:00Z,0.0,0.0,,,,
2025-08-05T17:00:00Z,0.0,0.0,,,,
2025-08-05T18:00:00Z,0.0,0.0,,,,
2025-08-05T19:00:00Z,0.0,0.0,,,,
2025-08-05T20:00:00Z,0.0,0.0,,,,
2025-08-05T21:00:00Z,0.0,0.0,,,,
2025-08-05T22:00:00Z,0.0,0.0,,,,
2025-08-05T23:00:00Z,0.0,0.0,,,,
2025-08-06T00:00:00Z,0.0,0.0,,,,
2025-08-06T01:00:00Z,0.0,0.0,,,,
2025-08-06T02:00:00Z,0.0,0.0,,,,
2025-08-06T03:00:00Z,0.0,0.0,,,,
2025-08-06T04:00:00Z,56197893.936656,0.0,0.9981052113214183,0.9999784219429579,,
2025-08-06T05:00:00Z,0.0,0.0,,,,
2025-08-06T06:00:00Z,0.0,0.0,,,,
2025-08-06T07:00:00Z,0.0,0.0,,,,
2025-08-06T08:00:00Z,0.0,0.0,,,,
2025-08-06T09:00:00Z,0.0,0.0,,,,
2025-08-06T10:00:00Z,0.0,0.0,,,,
2025-08-06T11:00:00Z,0.0,0.0,,,,
2025-08-06T12:00:00Z,0.0,0.0,,,,
2025-08-06T13:00:00Z,0.0,0.0,,,,
2025-08-06T14:00:00Z,0.0,0.0,,,,
2025-08-06T15:00:00Z,0.0,0.0,,,,
2025-08-06T16:00:00Z,0.0,0.0,,,,
2025-08-06T17:00:00Z,0.0,0.0,,,,
2025-08-06T18:00:00Z,0.0,0.0,,,,
2025-08-06T19:00:00Z,0.0,0.0,,,,
2025-08-06T20:00:00Z,0.0,0.0,,,,
2025-08-06T21:00:00Z,0.0,0.0,,,,
2025-08-06T22:00:00Z,0.0,0.0,,,,
2025-08-06T23:00:00Z,0.0,0.0,,,,
2025-08-07T00:00:00Z,0.0,0.0,,,,
2025-08-07T01:00:00Z,0.0,0.0,,,,
2025-08-07T02:00:00Z,0.0,0.0,,,,
2025-08-07T03:00:00Z,0.0,0.0,,,,
2025-08-07T04:00:00Z,0.0,0.0,,,,
2025-08-07T05:00:00Z,0.0,0.0,,,,
2025-08-07T06:00:00Z,0.0,0.0,,,,
2025-08-07T07:00:00Z,0.0,0.0,,,,
2025-08-07T08:00:00Z,0.0,0.0,,,,
2025-08-07T09:00:00Z,0.0,0.0,,,,
2025-08-07T10:00:00Z,0.0,0.0,,,,
2025-08-07T11:00:00Z,0.0,0.0,,,,
2025-08-07T12:00:00Z,0.0,0.0,,,,
2025-08-07T13:00:00Z,0.0,0.0,,,,
2025-08-07T14:00:00Z,0.0,0.0,,,,
2025-08-07T15:00:00Z,0.0,0.0,,,,
2025-08-07T16:00:00Z,0.0,0.0,,,,
2025-08-07T17:00:00Z,0.0,0.0,,,,
2025-08-07T18:00:00Z,0.0,0.0,,,,
2025-08-07T19:00:00Z,0.0,0.0,,,,
2025-08-07T20:00:00Z,0.0,0.0,,,,
2025-08-07T21:00:00Z,0.0,0.0,,,,
2025-08-07T22:00:00Z,0.0,0.0,,,,
2025-08-07T23:00:00Z,0.0,0.0,,,,
2025-08-08T00:00:00Z,0.0,0.0,,,,
2025-08-08T01:00:00Z,0.0,0.0,,,,
2025-08-08T02:00:00Z,0.0,0.0,,,,
2025-08-08T03:00:00Z,0.0,0.0,,,,
2025-08-08T04:00:00Z,0.0,0.0,,,,
2025-08-08T05:00:00Z,0.0,0.0,,,,
2025-08-08T06:00:00Z,0.0,0.0,,,,
2025-08-08T07:00:00Z,0.0,0.0,,,,
2025-08-08T08:00:00Z,0.0,0.0,,,,
2025-08-08T09:00:00Z,0.0,0.0,,,,
2025-08-08T10:00:00Z,0.0,0.0,,,,
2025-08-08T11:00:00Z,0.0,0.0,,,,
2025-08-08T12:00:00Z,0.0,0.0,,,,
2025-08-08T13:00:00Z,0.0,0.0,,,,
2025-08-08T14:00:00Z,12115147.976075001,0.0,0.9946151935763528,0.9996390530072534,,
2025-08-08T15:00:00Z,0.0,0.0,,,,
2025-08-08T16:00:00Z,0.0,0.0,,,,
2025-08-08T17:00:00Z,0.0,0.0,,,,
2025-08-08T18:00:00Z,0.0,0.0,,,,
2025-08-08T19:00:00Z,0.0,0.0,,,,
2025-08-08T20:00:00Z,0.0,0.0,,,,
2025-08-08T21:00:00Z,0.0,0.0,,,,
2025-08-08T22:00:00Z,0.0,0.0,,,,
2025-08-08T23:00:00Z,0.0,0.0,,,,
2025-08-09T00:00:00Z,0.0,0.0,,,,
2025-08-09T01:00:00Z,0.0,0.0,,,,
2025-08-09T02:00:00Z,0.0,0.0,,,,
2025-08-09T03:00:00Z,0.0,0.0,,,,
2025-08-09T04:00:00Z,0.0,0.0,,,,
2025-08-09T05:00:00Z,0.0,0.0,,,,
2025-08-09T06:00:00Z,0.0,0.0,,,,
2025-08-09T07:00:00Z,0.0,0.0,,,,
2025-08-09T08:00:00Z,0.0,0.0,,,,
2025-08-09T09:00:00Z,0.0,0.0,,,,
2025-08-09T10:00:00Z,0.0,0.0,,,,
2025-08-09T11:00:00Z,0.0,0.0,,,,
2025-08-09T12:00:00Z,0.0,0.0,,,,
2025-08-09T13:00:00Z,0.0,0.0,,,,
2025-08-09T14:00:00Z,0.0,0.0,,,,
2025-08-09T15:00:00Z,0.0,0.0,,,,
2025-08-09T16:00:00Z,0.0,0.0,,,,
2025-08-09T17:00:00Z,0.0,0.0,,,,
2025-08-09T18:00:00Z,0.0,0.0,,,,
2025-08-09T19:00:00Z,0.0,0.0,,,,
2025-08-09T20:00:00Z,0.0,0.0,,,,
2025-08-09T21:00:00Z,0.0,0.0,,,,
2025-08-09T22:00:00Z,0.0,0.0,,,,
2025-08-09T23:00:00Z,0.0,0.0,,,,
2025-08-10T00:00:00Z,0.0,0.0,,,,
2025-08-10T01:00:00Z,0.0,0.0,,,,
2025-08-10T02:00:00Z,0.0,0.0,,,,
2025-08-10T03:00:00Z,0.0,0.0,,,,
2025-08-10T04:00:00Z,0.0,0.0,,,,
2025-08-10T05:00:00Z,0.0,0.0,,,,
2025-08-10T06:00:00Z,0.0,0.0,,,,
2025-08-10T07:00:00Z,0.0,0.0,,,,
2025-08-10T08:00:00Z,0.0,0.0,,,,
2025-08-10T09:00:00Z,0.0,0.0,,,,
2025-08-10T10:00:00Z,0.0,0.0,,,,
2025-08-10T11:00:00Z,0.0,0.0,,,,
2025-08-10T12:00:00Z,0.0,0.0,,,,
2025-08-10T13:00:00Z,0.0,0.0,,,,
2025-08-10T14:00:00Z,0.0,0.0,,,,
2025-08-10T15:00:00Z,0.0,0.0,,,,
2025-08-10T16:00:00Z,0.0,0.0,,,,
2025-08-10T17:00:00Z,0.0,0.0,,,,
2025-08-10T18:00:00Z,0.0,0.0,,,,
2025-08-10T19:00:00Z,0.0,0.0,,,,
2025-08-10T20:00:00Z,0.0,0.0,,,,
2025-08-10T21:00:00Z,0.0,0.0,,,,
2025-08-10T22:00:00Z,0.0,0.0,,,,
2025-08-10T23:00:00Z,0.0,0.0,,,,
2025-08-11T00:00:00Z,0.0,0.0,,,,
2025-08-11T01:00:00Z,0.0,0.0,,,,
2025-08-11T02:00:00Z,0.0,0.0,,,,
2025-08-11T03:00:00Z,0.0,0.0,,,,
2025-08-11T04:00:00Z,0.0,0.0,,,,
2025-08-11T05:00:00Z,0.0,0.0,,,,
2025-08-11T06:00:00Z,0.0,0.0,,,,
2025-08-11T07:00:00Z,0.0,0.0,,,,
2025-08-11T08:00:00Z,0.0,0.0,,,,
2025-08-11T09:00:00Z,0.0,0.0,,,,
2025-08-11T10:00:00Z,0.0,0.0,,,,
2025-08-11T11:00:00Z,0.0,0.0,,,,
2025-08-11T12:00:00Z,0.0,0.0,,,,
2025-08-11T13:00:00Z,0.0,0.0,,,,
2025-08-11T14:00:00Z,0.0,0.0,,,,
2025-08-11T15:00:00Z,0.0,0.0,,,,
2025-08-11T16:00:00Z,0.0,0.0,,,,
2025-08-11T17:00:00Z,0.0,0.0,,,,
2025-08-11T18:00:00Z,0.0,0.0,,,,
2025-08-11T19:00:00Z,0.0,0.0,,,,
2025-08-11T20:00:00Z,0.0,0.0,,,,
2025-08-11T21:00:00Z,0.0,0.0,,,,
2025-08-11T22:00:00Z,0.0,0.0,,,,
2025-08-11T23:00:00Z,0.0,0.0,,,,
2025-08-12T00:00:00Z,0.0,0.0,,,,
2025-08-12T01:00:00Z,0.0,0.0,,,,
2025-08-12T02:00:00Z,0.0,0.0,,,,
2025-08-12T03:00:00Z,0.0,0.0,,,,
2025-08-12T04:00:00Z,0.0,0.0,,,,
2025-08-12T05:00:00Z,0.0,0.0,,,,
2025-08-12T06:00:00Z,0.0,0.0,,,,
2025-08-12T07:00:00Z,0.0,0.0,,,,
2025-08-12T08:00:00Z,0.0,0.0,,,,
2025-08-12T09:00:00Z,0.0,0.0,,,,
2025-08-12T10:00:00Z,0.0,0.0,,,,
2025-08-12T11:00:00Z,0.0,0.0,,,,
2025-08-12T12:00:00Z,0.0,0.0,,,,
2025-08-12T13:00:00Z,0.0,0.0,,,,
2025-08-12T14:00:00Z,0.0,0.0,,,,
2025-08-12T15:00:00Z,0.0,0.0,,,,
2025-08-12T16:00:00Z,0.0,0.0,,,,
2025-08-12T17:00:00Z,0.0,0.0,,,,
2025-08-12T18:00:00Z,0.0,0.0,,,,
2025-08-12T19:00:00Z,0.0,0.0,,,,
2025-08-12T20:00:00Z,0.0,0.0,,,,
2025-08-12T21:00:00Z,0.0,0.0,,,,
2025-08-12T22:00:00Z,0.0,0.0,,,,
2025-08-12T23:00:00Z,0.0,0.0,,,,
2025-08-13T00:00:00Z,0.0,0.0,,,,
2025-08-13T01:00:00Z,0.0,0.0,,,,
2025-08-13T02:00:00Z,0.0,0.0,,,,
2025-08-13T03:00:00Z,0.0,0.0,,,,
2025-08-13T04:00:00Z,0.0,0.0,,,,
2025-08-13T05:00:00Z,0.0,0.0,,,,
2025-08-13T06:00:00Z,0.0,0.0,,,,
2025-08-13T07:00:00Z,0.0,0.0,,,,
2025-08-13T08:00:00Z,0.0,0.0,,,,
2025-08-13T09:00:00Z,0.0,0.0,,,,
2025-08-13T10:00:00Z,0.0,0.0,,,,
2025-08-13T11:00:00Z,0.0,0.0,,,,
2025-08-13T12:00:00Z,0.0,0.0,,,,
2025-08-13T13:00:00Z,0.0,0.0,,,,
2025-08-13T14:00:00Z,0.0,0.0,,,,
2025-08-13T15:00:00Z,0.0,0.0,,,,
2025-08-13T16:00:00Z,0.0,0.0,,,,
2025-08-13T17:00:00Z,0.0,0.0,,,,
2025-08-13T18:00:00Z,0.0,0.0,,,,
2025-08-13T19:00:00Z,0.0,0.0,,,,
2025-08-13T20:00:00Z,0.0,0.0,,,,
2025-08-13T21:00:00Z,0.0,0.0,,,,
2025-08-13T22:00:00Z,0.0,0.0,,,,
2025-08-13T23:00:00Z,0.0,0.0,,,,
2025-08-14T00:00:00Z,0.0,0.0,,,,
2025-08-14T01:00:00Z,0.0,0.0,,,,
2025-08-14T02:00:00Z,0.0,0.0,,,,
2025-08-14T03:00:00Z,0.0,0.0,,,,
2025-08-14T04:00:00Z,10735567.489634998,0.0,0.9935088221357166,0.999604548149071,,
2025-08-14T05:00:00Z,12870289.766969,0.0,0.9898466600358383,0.9996454724476106,,
2025-08-14T06:00:00Z,0.0,0.0,,,,
2025-08-14T07:00:00Z,0.0,0.0,,,,
2025-08-14T08:00:00Z,0.0,0.0,,,,
2025-08-14T09:00:00Z,0.0,0.0,,,,
2025-08-14T10:00:00Z,0.0,0.0,,,,
2025-08-14T11:00:00Z,0.0,0.0,,,,
2025-08-14T12:00:00Z,0.0,0.0,,,,
2025-08-14T13:00:00Z,0.0,0.0,,,,
2025-08-14T14:00:00Z,0.0,0.0,,,,
2025-08-14T15:00:00Z,0.0,0.0,,,,
2025-08-14T16:00:00Z,0.0,0.0,,,,
2025-08-14T17:00:00Z,0.0,0.0,,,,
2025-08-14T18:00:00Z,0.0,0.0,,,,
2025-08-14T19:00:00Z,0.0,0.0,,,,
2025-08-14T20:00:00Z,0.0,0.0,,,,
2025-08-14T21:00:00Z,0.0,0.0,,,,
2025-08-14T22:00:00Z,0.0,0.0,,,,
2025-08-14T23:00:00Z,0.0,0.0,,,,
2025-08-15T00:00:00Z,0.0,0.0,,,,
2025-08-15T01:00:00Z,0.0,0.0,,,,
2025-08-15T02:00:00Z,11719773.389674,0.0,0.9830201387864803,0.999271620013438,,
2025-08-15T03:00:00Z,5188078.347176,0.0,0.7826758519342794,0.9990793445208472,,
2025-08-15T04:00:00Z,0.0,0.0,,,,
2025-08-15T05:00:00Z,0.0,0.0,,,,
2025-08-15T06:00:00Z,3449664.762893,0.0,0.9989088722504869,0.9990874063216009,,
2025-08-15T07:00:00Z,0.0,0.0,,,,
2025-08-15T08:00:00Z,0.0,0.0,,,,
2025-08-15T09:00:00Z,0.0,0.0,,,,
2025-08-15T10:00:00Z,0.0,0.0,,,,
2025-08-15T11:00:00Z,0.0,0.0,,,,
2025-08-15T12:00:00Z,0.0,0.0,,,,
2025-08-15T13:00:00Z,0.0,0.0,,,,
2025-08-15T14:00:00Z,0.0,0.0,,,,
2025-08-15T15:00:00Z,0.0,0.0,,,,
2025-08-15T16:00:00Z,0.0,0.0,,,,
2025-08-15T17:00:00Z,0.0,0.0,,,,
2025-08-15T18:00:00Z,0.0,0.0,,,,
2025-08-15T19:00:00Z,0.0,0.0,,,,
2025-08-15T20:00:00Z,10880134.547681998,0.0,0.9894582606423572,0.9994333679328081,,
2025-08-15T21:00:00Z,0.0,0.0,,,,
2025-08-15T22:00:00Z,7805475.110889001,0.0,0.9943220247249794,0.9993280237066231,,
2025-08-15T23:00:00Z,0.0,0.0,,,,
2025-08-16T00:00:00Z,0.0,0.0,,,,
2025-08-16T01:00:00Z,0.0,0.0,,,,
2025-08-16T02:00:00Z,0.0,0.0,,,,
2025-08-16T03:00:00Z,0.0,0.0,,,,
2025-08-16T04:00:00Z,0.0,0.0,,,,
2025-08-16T05:00:00Z,0.0,0.0,,,,
2025-08-16T06:00:00Z,0.0,0.0,,,,
2025-08-16T07:00:00Z,0.0,0.0,,,,
2025-08-16T08:00:00Z,8741522.920581,0.0,0.9941741600762012,0.9991740084542035,,
2025-08-16T09:00:00Z,0.0,0.0,,,,
2025-08-16T10:00:00Z,0.0,0.0,,,,
2025-08-16T11:00:00Z,0.0,0.0,,,,
2025-08-16T12:00:00Z,7140626.814998002,0.0,0.9769687665219969,0.9992121811940589,,
2025-08-16T13:00:00Z,0.0,0.0,,,,
2025-08-16T14:00:00Z,0.0,0.0,,,,
2025-08-16T15:00:00Z,0.0,0.0,,,,
2025-08-16T16:00:00Z,0.0,0.0,,,,
2025-08-16T17:00:00Z,0.0,0.0,,,,
2025-08-16T18:00:00Z,0.0,0.0,,,,
2025-08-16T19:00:00Z,0.0,0.0,,,,
2025-08-16T20:00:00Z,0.0,0.0,,,,
2025-08-16T21:00:00Z,0.0,0.0,,,,
2025-08-16T22:00:00Z,0.0,0.0,,,,
2025-08-16T23:00:00Z,0.0,0.0,,,,
2025-08-17T00:00:00Z,0.0,0.0,,,,
2025-08-17T01:00:00Z,0.0,0.0,,,,
2025-08-17T02:00:00Z,0.0,0.0,,,,
2025-08-17T03:00:00Z,0.0,0.0,,,,
2025-08-17T04:00:00Z,0.0,0.0,,,,
2025-08-17T05:00:00Z,0.0,0.0,,,,
2025-08-17T06:00:00Z,0.0,0.0,,,,
2025-08-17T07:00:00Z,0.0,0.0,,,,
2025-08-17T08:00:00Z,0.0,0.0,,,,
2025-08-17T09:00:00Z,0.0,0.0,,,,
2025-08-17T10:00:00Z,0.0,0.0,,,,
2025-08-17T11:00:00Z,0.0,0.0,,,,
2025-08-17T12:00:00Z,0.0,0.0,,,,
2025-08-17T13:00:00Z,0.0,0.0,,,,
2025-08-17T14:00:00Z,0.0,0.0,,,,
2025-08-17T15:00:00Z,0.0,0.0,,,,
2025-08-17T16:00:00Z,0.0,0.0,,,,
2025-08-17T17:00:00Z,0.0,0.0,,,,
2025-08-17T18:00:00Z,0.0,0.0,,,,
2025-08-17T19:00:00Z,0.0,0.0,,,,
2025-08-17T20:00:00Z,0.0,0.0,,,,
2025-08-17T21:00:00Z,0.0,0.0,,,,
2025-08-17T22:00:00Z,0.0,0.0,,,,
2025-08-17T23:00:00Z,0.0,0.0,,,,
2025-08-18T00:00:00Z,0.0,0.0,,,,
2025-08-18T01:00:00Z,0.0,0.0,,,,
2025-08-18T02:00:00Z,0.0,0.0,,,,
2025-08-18T03:00:00Z,0.0,0.0,,,,
2025-08-18T04:00:00Z,0.0,0.0,,,,
2025-08-18T05:00:00Z,0.0,0.0,,,,
2025-08-18T06:00:00Z,0.0,0.0,,,,
2025-08-18T07:00:00Z,0.0,0.0,,,,
2025-08-18T08:00:00Z,0.0,0.0,,,,
2025-08-18T09:00:00Z,0.0,0.0,,,,
2025-08-18T10:00:00Z,0.0,0.0,,,,
2025-08-18T11:00:00Z,0.0,0.0,,,,
2025-08-18T12:00:00Z,0.0,0.0,,,,
2025-08-18T13:00:00Z,0.0,0.0,,,,
2025-08-18T14:00:00Z,0.0,0.0,,,,
2025-08-18T15:00:00Z,14582976.654534,0.0,0.9975087841897495,0.999487732344197,,
2025-08-18T16:00:00Z,0.0,0.0,,,,
2025-08-18T17:00:00Z,0.0,0.0,,,,
2025-08-18T18:00:00Z,0.0,0.0,,,,
2025-08-18T19:00:00Z,0.0,0.0,,,,
2025-08-18T20:00:00Z,0.0,0.0,,,,
2025-08-18T21:00:00Z,0.0,0.0,,,,
2025-08-18T22:00:00Z,0.0,0.0,,,,
2025-08-18T23:00:00Z,0.0,0.0,,,,
2025-08-19T00:00:00Z,0.0,0.0,,,,
2025-08-19T01:00:00Z,0.0,0.0,,,,
2025-08-19T02:00:00Z,0.0,0.0,,,,
2025-08-19T03:00:00Z,0.0,0.0,,,,
2025-08-19T04:00:00Z,0.0,0.0,,,,
2025-08-19T05:00:00Z,0.0,0.0,,,,
2025-08-19T06:00:00Z,0.0,0.0,,,,
2025-08-19T07:00:00Z,0.0,0.0,,,,
2025-08-19T08:00:00Z,0.0,0.0,,,,
2025-08-19T09:00:00Z,0.0,0.0,,,,
2025-08-19T10:00:00Z,0.0,0.0,,,,
2025-08-19T11:00:00Z,0.0,0.0,,,,
2025-08-19T12:00:00Z,0.0,0.0,,,,
2025-08-19T13:00:00Z,0.0,0.0,,,,
2025-08-19T14:00:00Z,0.0,0.0,,,,
2025-08-19T15:00:00Z,0.0,0.0,,,,
2025-08-19T16:00:00Z,0.0,0.0,,,,
2025-08-19T17:00:00Z,0.0,0.0,,,,
2025-08-19T18:00:00Z,0.0,0.0,,,,
2025-08-19T19:00:00Z,0.0,0.0,,,,
2025-08-19T20:00:00Z,0.0,0.0,,,,
2025-08-19T21:00:00Z,0.0,0.0,,,,
2025-08-19T22:00:00Z,0.0,0.0,,,,
2025-08-19T23:00:00Z,0.0,0.0,,,,
2025-08-20T00:00:00Z,0.0,0.0,,,,
2025-08-20T01:00:00Z,0.0,0.0,,,,
2025-08-20T02:00:00Z,0.0,0.0,,,,
2025-08-20T03:00:00Z,0.0,0.0,,,,
2025-08-20T04:00:00Z,0.0,0.0,,,,
2025-08-20T05:00:00Z,0.0,0.0,,,,
2025-08-20T06:00:00Z,0.0,0.0,,,,
2025-08-20T07:00:00Z,0.0,0.0,,,,
2025-08-20T08:00:00Z,0.0,0.0,,,,
2025-08-20T09:00:00Z,0.0,0.0,,,,
2025-08-20T10:00:00Z,0.0,0.0,,,,
2025-08-20T11:00:00Z,0.0,0.0,,,,
2025-08-20T12:00:00Z,0.0,0.0,,,,
2025-08-20T13:00:00Z,0.0,0.0,,,,
2025-08-20T14:00:00Z,0.0,0.0,,,,
2025-08-20T15:00:00Z,0.0,0.0,,,,
2025-08-20T16:00:00Z,0.0,0.0,,,,
2025-08-20T17:00:00Z,0.0,0.0,,,,
2025-08-20T18:00:00Z,0.0,0.0,,,,
2025-08-20T19:00:00Z,0.0,0.0,,,,
2025-08-20T20:00:00Z,0.0,0.0,,,,
2025-08-20T21:00:00Z,0.0,0.0,,,,
2025-08-20T22:00:00Z,0.0,0.0,,,,
2025-08-20T23:00:00Z,0.0,0.0,,,,
2025-08-21T00:00:00Z,0.0,0.0,,,,
2025-08-21T01:00:00Z,0.0,0.0,,,,
2025-08-21T02:00:00Z,0.0,0.0,,,,
2025-08-21T03:00:00Z,0.0,0.0,,,,
2025-08-21T04:00:00Z,0.0,0.0,,,,
2025-08-21T05:00:00Z,0.0,0.0,,,,
2025-08-21T06:00:00Z,0.0,0.0,,,,
2025-08-21T07:00:00Z,0.0,0.0,,,,
2025-08-21T08:00:00Z,0.0,0.0,,,,
2025-08-21T09:00:00Z,0.0,0.0,,,,
2025-08-21T10:00:00Z,0.0,0.0,,,,
2025-08-21T11:00:00Z,0.0,0.0,,,,
2025-08-21T12:00:00Z,0.0,0.0,,,,
2025-08-21T13:00:00Z,0.0,0.0,,,,
2025-08-21T14:00:00Z,0.0,0.0,,,,
2025-08-21T15:00:00Z,0.0,0.0,,,,
2025-08-21T16:00:00Z,0.0,0.0,,,,
2025-08-21T17:00:00Z,0.0,0.0,,,,
2025-08-21T18:00:00Z,0.0,0.0,,,,
2025-08-21T19:00:00Z,0.0,0.0,,,,
2025-08-21T20:00:00Z,0.0,0.0,,,,
2025-08-21T21:00:00Z,0.0,0.0,,,,
2025-08-21T22:00:00Z,0.0,0.0,,,,
2025-08-21T23:00:00Z,0.0,0.0,,,,
2025-08-22T00:00:00Z,0.0,0.0,,,,
2025-08-22T01:00:00Z,0.0,0.0,,,,
2025-08-22T02:00:00Z,0.0,0.0,,,,
2025-08-22T03:00:00Z,0.0,0.0,,,,
2025-08-22T04:00:00Z,0.0,0.0,,,,
2025-08-22T05:00:00Z,0.0,0.0,,,,
2025-08-22T06:00:00Z,0.0,0.0,,,,
2025-08-22T07:00:00Z,0.0,0.0,,,,
2025-08-22T08:00:00Z,0.0,0.0,,,,
2025-08-22T09:00:00Z,0.0,0.0,,,,
2025-08-22T10:00:00Z,0.0,0.0,,,,
2025-08-22T11:00:00Z,0.0,0.0,,,,
2025-08-22T12:00:00Z,0.0,0.0,,,,
2025-08-22T13:00:00Z,0.0,0.0,,,,
2025-08-22T14:00:00Z,0.0,0.0,,,,
2025-08-22T15:00:00Z,0.0,0.0,,,,
2025-08-22T16:00:00Z,0.0,0.0,,,,
2025-08-22T17:00:00Z,0.0,0.0,,,,
2025-08-22T18:00:00Z,0.0,0.0,,,,
2025-08-22T19:00:00Z,0.0,0.0,,,,
2025-08-22T20:00:00Z,0.0,0.0,,,,
2025-08-22T21:00:00Z,0.0,0.0,,,,
2025-08-22T22:00:00Z,0.0,0.0,,,,
2025-08-22T23:00:00Z,0.0,0.0,,,,
2025-08-23T00:00:00Z,0.0,0.0,,,,
2025-08-23T01:00:00Z,0.0,0.0,,,,
2025-08-23T02:00:00Z,0.0,0.0,,,,
2025-08-23T03:00:00Z,0.0,0.0,,,,
2025-08-23T04:00:00Z,0.0,0.0,,,,
2025-08-23T05:00:00Z,0.0,0.0,,,,
2025-08-23T06:00:00Z,0.0,0.0,,,,
2025-08-23T07:00:00Z,0.0,0.0,,,,
2025-08-23T08:00:00Z,0.0,0.0,,,,
2025-08-23T09:00:00Z,0.0,0.0,,,,
2025-08-23T10:00:00Z,0.0,0.0,,,,
2025-08-23T11:00:00Z,0.0,0.0,,,,
2025-08-23T12:00:00Z,0.0,0.0,,,,
2025-08-23T13:00:00Z,0.0,0.0,,,,
2025-08-23T14:00:00Z,0.0,0.0,,,,
2025-08-23T15:00:00Z,0.0,0.0,,,,
2025-08-23T16:00:00Z,0.0,0.0,,,,
2025-08-23T17:00:00Z,0.0,0.0,,,,
2025-08-23T18:00:00Z,0.0,0.0,,,,
2025-08-23T19:00:00Z,0.0,0.0,,,,
2025-08-23T20:00:00Z,0.0,0.0,,,,
2025-08-23T21:00:00Z,0.0,0.0,,,,
2025-08-23T22:00:00Z,0.0,0.0,,,,
2025-08-23T23:00:00Z,0.0,0.0,,,,
2025-08-24T00:00:00Z,0.0,0.0,,,,
2025-08-24T01:00:00Z,0.0,0.0,,,,
2025-08-24T02:00:00Z,0.0,0.0,,,,
2025-08-24T03:00:00Z,0.0,0.0,,,,
2025-08-24T04:00:00Z,0.0,0.0,,,,
2025-08-24T05:00:00Z,0.0,0.0,,,,
2025-08-24T06:00:00Z,0.0,0.0,,,,
2025-08-24T07:00:00Z,0.0,0.0,,,,
2025-08-24T08:00:00Z,0.0,0.0,,,,
2025-08-24T09:00:00Z,0.0,0.0,,,,
2025-08-24T10:00:00Z,0.0,0.0,,,,
2025-08-24T11:00:00Z,0.0,0.0,,,,
2025-08-24T12:00:00Z,0.0,0.0,,,,
2025-08-24T13:00:00Z,0.0,0.0,,,,
2025-08-24T14:00:00Z,0.0,0.0,,,,
2025-08-24T15:00:00Z,0.0,0.0,,,,
2025-08-24T16:00:00Z,0.0,0.0,,,,
2025-08-24T17:00:00Z,0.0,0.0,,,,
2025-08-24T18:00:00Z,0.0,0.0,,,,
2025-08-24T19:00:00Z,0.0,0.0,,,,
2025-08-24T20:00:00Z,0.0,0.0,,,,
2025-08-24T21:00:00Z,0.0,0.0,,,,
2025-08-24T22:00:00Z,0.0,0.0,,,,
2025-08-24T23:00:00Z,0.0,0.0,,,,
2025-08-25T00:00:00Z,0.0,0.0,,,,
2025-08-25T01:00:00Z,0.0,0.0,,,,
2025-08-25T02:00:00Z,0.0,0.0,,,,
2025-08-25T03:00:00Z,0.0,0.0,,,,
2025-08-25T04:00:00Z,0.0,0.0,,,,
2025-08-25T05:00:00Z,0.0,0.0,,,,
2025-08-25T06:00:00Z,0.0,0.0,,,,
2025-08-25T07:00:00Z,0.0,0.0,,,,
2025-08-25T08:00:00Z,0.0,0.0,,,,
2025-08-25T09:00:00Z,0.0,0.0,,,,
2025-08-25T10:00:00Z,0.0,0.0,,,,
2025-08-25T11:00:00Z,0.0,0.0,,,,
2025-08-25T12:00:00Z,0.0,0.0,,,,
2025-08-25T13:00:00Z,0.0,0.0,,,,
2025-08-25T14:00:00Z,0.0,0.0,,,,
2025-08-25T15:00:00Z,0.0,0.0,,,,
2025-08-25T16:00:00Z,0.0,0.0,,,,
2025-08-25T17:00:00Z,0.0,0.0,,,,
2025-08-25T18:00:00Z,0.0,0.0,,,,
2025-08-25T19:00:00Z,0.0,0.0,,,,
2025-08-25T20:00:00Z,0.0,0.0,,,,
2025-08-25T21:00:00Z,0.0,0.0,,,,
2025-08-25T22:00:00Z,0.0,0.0,,,,
2025-08-25T23:00:00Z,0.0,0.0,,,,
2025-08-26T00:00:00Z,0.0,0.0,,,,
2025-08-26T01:00:00Z,0.0,0.0,,,,
2025-08-26T02:00:00Z,0.0,0.0,,,,
2025-08-26T03:00:00Z,0.0,0.0,,,,
2025-08-26T04:00:00Z,0.0,0.0,,,,
2025-08-26T05:00:00Z,0.0,0.0,,,,
2025-08-26T06:00:00Z,0.0,0.0,,,,
2025-08-26T07:00:00Z,0.0,0.0,,,,
2025-08-26T08:00:00Z,0.0,0.0,,,,
2025-08-26T09:00:00Z,0.0,0.0,,,,
2025-08-26T10:00:00Z,0.0,0.0,,,,
2025-08-26T11:00:00Z,0.0,0.0,,,,
2025-08-26T12:00:00Z,0.0,0.0,,,,
2025-08-26T13:00:00Z,0.0,0.0,,,,
2025-08-26T14:00:00Z,0.0,0.0,,,,
2025-08-26T15:00:00Z,0.0,0.0,,,,
2025-08-26T16:00:00Z,0.0,0.0,,,,
2025-08-26T17:00:00Z,0.0,0.0,,,,
2025-08-26T18:00:00Z,0.0,0.0,,,,
2025-08-26T19:00:00Z,0.0,0.0,,,,
2025-08-26T20:00:00Z,0.0,0.0,,,,
2025-08-26T21:00:00Z,0.0,0.0,,,,
2025-08-26T22:00:00Z,0.0,0.0,,,,
2025-08-26T23:00:00Z,0.0,0.0,,,,
2025-08-27T00:00:00Z,0.0,0.0,,,,
2025-08-27T01:00:00Z,0.0,0.0,,,,
2025-08-27T02:00:00Z,0.0,0.0,,,,
2025-08-27T03:00:00Z,0.0,0.0,,,,
2025-08-27T04:00:00Z,0.0,0.0,,,,
2025-08-27T05:00:00Z,0.0,0.0,,,,
2025-08-27T06:00:00Z,0.0,0.0,,,,
2025-08-27T07:00:00Z,0.0,0.0,,,,
2025-08-27T08:00:00Z,0.0,0.0,,,,
2025-08-27T09:00:00Z,0.0,0.0,,,,
2025-08-27T10:00:00Z,0.0,0.0,,,,
2025-08-27T11:00:00Z,0.0,0.0,,,,
2025-08-27T12:00:00Z,0.0,0.0,,,,
2025-08-27T13:00:00Z,0.0,0.0,,,,
2025-08-27T14:00:00Z,0.0,0.0,,,,
2025-08-27T15:00:00Z,0.0,0.0,,,,
2025-08-27T16:00:00Z,0.0,0.0,,,,
2025-08-27T17:00:00Z,0.0,0.0,,,,
2025-08-27T18:00:00Z,0.0,0.0,,,,
2025-08-27T19:00:00Z,0.0,0.0,,,,
2025-08-27T20:00:00Z,0.0,0.0,,,,
2025-08-27T21:00:00Z,0.0,0.0,,,,
2025-08-27T22:00:00Z,0.0,0.0,,,,
2025-08-27T23:00:00Z,0.0,0.0,,,,
2025-08-28T00:00:00Z,0.0,0.0,,,,
2025-08-28T01:00:00Z,0.0,0.0,,,,
2025-08-28T02:00:00Z,0.0,0.0,,,,
2025-08-28T03:00:00Z,0.0,0.0,,,,
2025-08-28T04:00:00Z,0.0,0.0,,,,
2025-08-28T05:00:00Z,0.0,0.0,,,,
2025-08-28T06:00:00Z,0.0,0.0,,,,
2025-08-28T07:00:00Z,0.0,0.0,,,,
2025-08-28T08:00:00Z,0.0,0.0,,,,
2025-08-28T09:00:00Z,0.0,0.0,,,,
2025-08-28T10:00:00Z,0.0,0.0,,,,
2025-08-28T11:00:00Z,0.0,0.0,,,,
2025-08-28T12:00:00Z,0.0,0.0,,,,
2025-08-28T13:00:00Z,0.0,0.0,,,,
2025-08-28T14:00:00Z,0.0,0.0,,,,
2025-08-28T15:00:00Z,0.0,0.0,,,,
2025-08-28T16:00:00Z,0.0,0.0,,,,
2025-08-28T17:00:00Z,0.0,0.0,,,,
2025-08-28T18:00:00Z,0.0,0.0,,,,
2025-08-28T19:00:00Z,0.0,0.0,,,,
2025-08-28T20:00:00Z,0.0,0.0,,,,
2025-08-28T21:00:00Z,0.0,0.0,,,,
2025-08-28T22:00:00Z,0.0,0.0,,,,
2025-08-28T23:00:00Z,0.0,0.0,,,,
2025-08-29T00:00:00Z,0.0,0.0,,,,
2025-08-29T01:00:00Z,0.0,0.0,,,,
2025-08-29T02:00:00Z,0.0,0.0,,,,
2025-08-29T03:00:00Z,0.0,0.0,,,,
2025-08-29T04:00:00Z,0.0,0.0,,,,
2025-08-29T05:00:00Z,0.0,0.0,,,,
2025-08-29T06:00:00Z,0.0,0.0,,,,
2025-08-29T07:00:00Z,0.0,0.0,,,,
2025-08-29T08:00:00Z,0.0,0.0,,,,
2025-08-29T09:00:00Z,0.0,0.0,,,,
2025-08-29T10:00:00Z,0.0,0.0,,,,
2025-08-29T11:00:00Z,0.0,0.0,,,,
2025-08-29T12:00:00Z,0.0,0.0,,,,
2025-08-29T13:00:00Z,0.0,0.0,,,,
2025-08-29T14:00:00Z,0.0,0.0,,,,
2025-08-29T15:00:00Z,0.0,0.0,,,,
2025-08-29T16:00:00Z,0.0,0.0,,,,
2025-08-29T17:00:00Z,0.0,0.0,,,,
2025-08-29T18:00:00Z,0.0,0.0,,,,
2025-08-29T19:00:00Z,0.0,0.0,,,,
2025-08-29T20:00:00Z,0.0,0.0,,,,
2025-08-29T21:00:00Z,0.0,0.0,,,,
2025-08-29T22:00:00Z,0.0,0.0,,,,
2025-08-29T23:00:00Z,0.0,0.0,,,,
2025-08-30T00:00:00Z,0.0,0.0,,,,
2025-08-30T01:00:00Z,0.0,0.0,,,,
2025-08-30T02:00:00Z,0.0,0.0,,,,
2025-08-30T03:00:00Z,0.0,0.0,,,,
2025-08-30T04:00:00Z,0.0,0.0,,,,
2025-08-30T05:00:00Z,0.0,0.0,,,,
2025-08-30T06:00:00Z,0.0,0.0,,,,
2025-08-30T07:00:00Z,0.0,0.0,,,,
2025-08-30T08:00:00Z,0.0,0.0,,,,
2025-08-30T09:00:00Z,0.0,0.0,,,,
2025-08-30T10:00:00Z,0.0,0.0,,,,
2025-08-30T11:00:00Z,0.0,0.0,,,,
2025-08-30T12:00:00Z,0.0,0.0,,,,
2025-08-30T13:00:00Z,0.0,0.0,,,,
2025-08-30T14:00:00Z,0.0,0.0,,,,
2025-08-30T15:00:00Z,0.0,0.0,,,,
2025-08-30T16:00:00Z,0.0,0.0,,,,
2025-08-30T17:00:00Z,0.0,0.0,,,,
2025-08-30T18:00:00Z,0.0,0.0,,,,
2025-08-30T19:00:00Z,0.0,0.0,,,,
2025-08-30T20:00:00Z,0.0,0.0,,,,
2025-08-30T21:00:00Z,0.0,0.0,,,,
2025-08-30T22:00:00Z,0.0,0.0,,,,
2025-08-30T23:00:00Z,0.0,0.0,,,,
2025-08-31T00:00:00Z,0.0,0.0,,,,
2025-08-31T01:00:00Z,0.0,0.0,,,,
2025-08-31T02:00:00Z,0.0,0.0,,,,
2025-08-31T03:00:00Z,0.0,0.0,,,,
2025-08-31T04:00:00Z,0.0,0.0,,,,
2025-08-31T05:00:00Z,0.0,0.0,,,,
2025-08-31T06:00:00Z,0.0,0.0,,,,
2025-08-31T07:00:00Z,0.0,0.0,,,,
2025-08-31T08:00:00Z,0.0,0.0,,,,
2025-08-31T09:00:00Z,0.0,0.0,,,,
2025-08-31T10:00:00Z,0.0,0.0,,,,
2025-08-31T11:00:00Z,0.0,0.0,,,,
2025-08-31T12:00:00Z,0.0,0.0,,,,
2025-08-31T13:00:00Z,0.0,0.0,,,,
2025-08-31T14:00:00Z,0.0,0.0,,,,
2025-08-31T15:00:00Z,0.0,0.0,,,,
2025-08-31T16:00:00Z,0.0,0.0,,,,
2025-08-31T17:00:00Z,0.0,0.0,,,,
2025-08-31T18:00:00Z,0.0,0.0,,,,
2025-08-31T19:00:00Z,0.0,0.0,,,,
2025-08-31T20:00:00Z,0.0,0.0,,,,
2025-08-31T21:00:00Z,0.0,0.0,,,,
2025-08-31T22:00:00Z,0.0,0.0,,,,
2025-08-31T23:00:00Z,0.0,0.0,,,,
2025-09-01T00:00:00Z,0.0,0.0,,,,
2025-09-01T01:00:00Z,0.0,0.0,,,,
2025-09-01T02:00:00Z,0.0,0.0,,,,
2025-09-01T03:00:00Z,0.0,0.0,,,,
2025-09-01T04:00:00Z,0.0,0.0,,,,
2025-09-01T05:00:00Z,0.0,0.0,,,,
2025-09-01T06:00:00Z,0.0,0.0,,,,
2025-09-01T07:00:00Z,0.0,0.0,,,,
2025-09-01T08:00:00Z,0.0,0.0,,,,
2025-09-01T09:00:00Z,0.0,0.0,,,,
2025-09-01T10:00:00Z,0.0,0.0,,,,
2025-09-01T11:00:00Z,0.0,0.0,,,,
2025-09-01T12:00:00Z,0.0,0.0,,,,
2025-09-01T13:00:00Z,0.0,0.0,,,,
2025-09-01T14:00:00Z,0.0,0.0,,,,
2025-09-01T15:00:00Z,0.0,0.0,,,,
2025-09-01T16:00:00Z,0.0,0.0,,,,
2025-09-01T17:00:00Z,0.0,0.0,,,,
2025-09-01T18:00:00Z,0.0,0.0,,,,
2025-09-01T19:00:00Z,0.0,0.0,,,,
2025-09-01T20:00:00Z,0.0,0.0,,,,
2025-09-01T21:00:00Z,0.0,0.0,,,,
2025-09-01T22:00:00Z,0.0,0.0,,,,
2025-09-01T23:00:00Z,0.0,0.0,,,,
2025-09-02T00:00:00Z,0.0,0.0,,,,
2025-09-02T01:00:00Z,0.0,0.0,,,,
2025-09-02T02:00:00Z,0.0,0.0,,,,
2025-09-02T03:00:00Z,0.0,0.0,,,,
2025-09-02T04:00:00Z,0.0,0.0,,,,
2025-09-02T05:00:00Z,0.0,0.0,,,,
2025-09-02T06:00:00Z,0.0,0.0,,,,
2025-09-02T07:00:00Z,0.0,0.0,,,,
2025-09-02T08:00:00Z,0.0,0.0,,,,
2025-09-02T09:00:00Z,0.0,0.0,,,,
2025-09-02T10:00:00Z,0.0,0.0,,,,
2025-09-02T11:00:00Z,0.0,0.0,,,,
2025-09-02T12:00:00Z,0.0,0.0,,,,
2025-09-02T13:00:00Z,0.0,0.0,,,,
2025-09-02T14:00:00Z,0.0,0.0,,,,
2025-09-02T15:00:00Z,0.0,0.0,,,,
2025-09-02T16:00:00Z,0.0,0.0,,,,
2025-09-02T17:00:00Z,0.0,0.0,,,,
2025-09-02T18:00:00Z,0.0,0.0,,,,
2025-09-02T19:00:00Z,0.0,0.0,,,,
2025-09-02T20:00:00Z,0.0,0.0,,,,
2025-09-02T21:00:00Z,0.0,0.0,,,,
2025-09-02T22:00:00Z,0.0,0.0,,,,
2025-09-02T23:00:00Z,0.0,0.0,,,,
2025-09-03T00:00:00Z,0.0,0.0,,,,
2025-09-03T01:00:00Z,0.0,0.0,,,,
2025-09-03T02:00:00Z,0.0,0.0,,,,
2025-09-03T03:00:00Z,0.0,0.0,,,,
2025-09-03T04:00:00Z,0.0,0.0,,,,
2025-09-03T05:00:00Z,0.0,0.0,,,,
2025-09-03T06:00:00Z,0.0,0.0,,,,
2025-09-03T07:00:00Z,0.0,0.0,,,,
2025-09-03T08:00:00Z,0.0,0.0,,,,
2025-09-03T09:00:00Z,0.0,0.0,,,,
2025-09-03T10:00:00Z,0.0,0.0,,,,
2025-09-03T11:00:00Z,0.0,0.0,,,,
2025-09-03T12:00:00Z,0.0,0.0,,,,
2025-09-03T13:00:00Z,0.0,0.0,,,,
2025-09-03T14:00:00Z,0.0,0.0,,,,
2025-09-03T15:00:00Z,0.0,0.0,,,,
2025-09-03T16:00:00Z,0.0,0.0,,,,
2025-09-03T17:00:00Z,0.0,0.0,,,,
2025-09-03T18:00:00Z,0.0,0.0,,,,
2025-09-03T19:00:00Z,0.0,0.0,,,,
2025-09-03T20:00:00Z,11244624.399713,0.0,0.9896463902780704,0.9996393609258751,,
2025-09-03T21:00:00Z,0.0,0.0,,,,
2025-09-03T22:00:00Z,0.0,0.0,,,,
2025-09-03T23:00:00Z,0.0,0.0,,,,
2025-09-04T00:00:00Z,0.0,0.0,,,,
2025-09-04T01:00:00Z,0.0,0.0,,,,
2025-09-04T02:00:00Z,0.0,0.0,,,,
2025-09-04T03:00:00Z,0.0,0.0,,,,
2025-09-04T04:00:00Z,0.0,0.0,,,,
2025-09-04T05:00:00Z,0.0,0.0,,,,
2025-09-04T06:00:00Z,0.0,0.0,,,,
2025-09-04T07:00:00Z,0.0,0.0,,,,
2025-09-04T08:00:00Z,0.0,0.0,,,,
2025-09-04T09:00:00Z,0.0,0.0,,,,
2025-09-04T10:00:00Z,0.0,0.0,,,,
2025-09-04T11:00:00Z,0.0,0.0,,,,
2025-09-04T12:00:00Z,0.0,0.0,,,,
2025-09-04T13:00:00Z,0.0,0.0,,,,
2025-09-04T14:00:00Z,0.0,0.0,,,,
2025-09-04T15:00:00Z,0.0,0.0,,,,
2025-09-04T16:00:00Z,0.0,0.0,,,,
2025-09-04T17:00:00Z,0.0,0.0,,,,
2025-09-04T18:00:00Z,0.0,0.0,,,,
2025-09-04T19:00:00Z,0.0,0.0,,,,
2025-09-04T20:00:00Z,0.0,0.0,,,,
2025-09-04T21:00:00Z,0.0,0.0,,,,
2025-09-04T22:00:00Z,0.0,0.0,,,,
2025-09-04T23:00:00Z,0.0,0.0,,,,
2025-09-05T00:00:00Z,0.0,0.0,,,,
2025-09-05T01:00:00Z,0.0,0.0,,,,
2025-09-05T02:00:00Z,0.0,0.0,,,,
2025-09-05T03:00:00Z,0.0,0.0,,,,
2025-09-05T04:00:00Z,0.0,0.0,,,,
2025-09-05T05:00:00Z,0.0,0.0,,,,
2025-09-05T06:00:00Z,0.0,0.0,,,,
2025-09-05T07:00:00Z,0.0,0.0,,,,
2025-09-05T08:00:00Z,0.0,0.0,,,,
2025-09-05T09:00:00Z,0.0,0.0,,,,
2025-09-05T10:00:00Z,0.0,0.0,,,,
2025-09-05T11:00:00Z,0.0,0.0,,,,
2025-09-05T12:00:00Z,0.0,0.0,,,,
2025-09-05T13:00:00Z,0.0,0.0,,,,
2025-09-05T14:00:00Z,0.0,0.0,,,,
2025-09-05T15:00:00Z,0.0,0.0,,,,
2025-09-05T16:00:00Z,0.0,0.0,,,,
2025-09-05T17:00:00Z,0.0,0.0,,,,
2025-09-05T18:00:00Z,0.0,0.0,,,,
2025-09-05T19:00:00Z,0.0,0.0,,,,
2025-09-05T20:00:00Z,0.0,0.0,,,,
2025-09-05T21:00:00Z,0.0,0.0,,,,
2025-09-05T22:00:00Z,0.0,0.0,,,,
2025-09-05T23:00:00Z,0.0,0.0,,,,
2025-09-06T00:00:00Z,0.0,0.0,,,,
2025-09-06T01:00:00Z,0.0,0.0,,,,
2025-09-06T02:00:00Z,0.0,0.0,,,,
2025-09-06T03:00:00Z,0.0,0.0,,,,
2025-09-06T04:00:00Z,0.0,0.0,,,,
2025-09-06T05:00:00Z,0.0,0.0,,,,
2025-09-06T06:00:00Z,0.0,0.0,,,,
2025-09-06T07:00:00Z,0.0,0.0,,,,
2025-09-06T08:00:00Z,0.0,0.0,,,,
2025-09-06T09:00:00Z,0.0,0.0,,,,
2025-09-06T10:00:00Z,0.0,0.0,,,,
2025-09-06T11:00:00Z,0.0,0.0,,,,
2025-09-06T12:00:00Z,0.0,0.0,,,,
2025-09-06T13:00:00Z,0.0,0.0,,,,
2025-09-06T14:00:00Z,0.0,0.0,,,,
2025-09-06T15:00:00Z,0.0,0.0,,,,
2025-09-06T16:00:00Z,0.0,0.0,,,,
2025-09-06T17:00:00Z,0.0,0.0,,,,
2025-09-06T18:00:00Z,0.0,0.0,,,,
2025-09-06T19:00:00Z,0.0,0.0,,,,
2025-09-06T20:00:00Z,0.0,0.0,,,,
2025-09-06T21:00:00Z,0.0,0.0,,,,
2025-09-06T22:00:00Z,0.0,0.0,,,,
2025-09-06T23:00:00Z,0.0,0.0,,,,
2025-09-07T00:00:00Z,0.0,0.0,,,,
2025-09-07T01:00:00Z,0.0,0.0,,,,
2025-09-07T02:00:00Z,0.0,0.0,,,,
2025-09-07T03:00:00Z,0.0,0.0,,,,
2025-09-07T04:00:00Z,0.0,0.0,,,,
2025-09-07T05:00:00Z,0.0,0.0,,,,
2025-09-07T06:00:00Z,0.0,0.0,,,,
2025-09-07T07:00:00Z,0.0,0.0,,,,
2025-09-07T08:00:00Z,0.0,0.0,,,,
2025-09-07T09:00:00Z,0.0,0.0,,,,
2025-09-07T10:00:00Z,0.0,0.0,,,,
2025-09-07T11:00:00Z,0.0,0.0,,,,
2025-09-07T12:00:00Z,0.0,0.0,,,,
2025-09-07T13:00:00Z,0.0,0.0,,,,
2025-09-07T14:00:00Z,0.0,0.0,,,,
2025-09-07T15:00:00Z,0.0,0.0,,,,
2025-09-07T16:00:00Z,0.0,0.0,,,,
2025-09-07T17:00:00Z,0.0,0.0,,,,
2025-09-07T18:00:00Z,0.0,0.0,,,,
2025-09-07T19:00:00Z,0.0,0.0,,,,
2025-09-07T20:00:00Z,0.0,0.0,,,,
2025-09-07T21:00:00Z,0.0,0.0,,,,
2025-09-07T22:00:00Z,0.0,0.0,,,,
2025-09-07T23:00:00Z,0.0,0.0,,,,
2025-09-08T00:00:00Z,0.0,0.0,,,,
2025-09-08T01:00:00Z,0.0,0.0,,,,
2025-09-08T02:00:00Z,0.0,0.0,,,,
2025-09-08T03:00:00Z,0.0,0.0,,,,
2025-09-08T04:00:00Z,0.0,0.0,,,,
2025-09-08T05:00:00Z,0.0,0.0,,,,
2025-09-08T06:00:00Z,0.0,0.0,,,,
2025-09-08T07:00:00Z,0.0,0.0,,,,
2025-09-08T08:00:00Z,0.0,0.0,,,,
2025-09-08T09:00:00Z,0.0,0.0,,,,
2025-09-08T10:00:00Z,0.0,0.0,,,,
2025-09-08T11:00:00Z,0.0,0.0,,,,
2025-09-08T12:00:00Z,0.0,0.0,,,,
2025-09-08T13:00:00Z,0.0,0.0,,,,
2025-09-08T14:00:00Z,0.0,0.0,,,,
2025-09-08T15:00:00Z,0.0,0.0,,,,
2025-09-08T16:00:00Z,0.0,0.0,,,,
2025-09-08T17:00:00Z,0.0,0.0,,,,
2025-09-08T18:00:00Z,0.0,0.0,,,,
2025-09-08T19:00:00Z,0.0,0.0,,,,
2025-09-08T20:00:00Z,0.0,0.0,,,,
2025-09-08T21:00:00Z,0.0,0.0,,,,
2025-09-08T22:00:00Z,0.0,0.0,,,,
2025-09-08T23:00:00Z,0.0,0.0,,,,
2025-09-09T00:00:00Z,0.0,0.0,,,,
2025-09-09T01:00:00Z,0.0,0.0,,,,
2025-09-09T02:00:00Z,0.0,0.0,,,,
2025-09-09T03:00:00Z,0.0,0.0,,,,
2025-09-09T04:00:00Z,0.0,0.0,,,,
2025-09-09T05:00:00Z,0.0,0.0,,,,
2025-09-09T06:00:00Z,0.0,0.0,,,,
2025-09-09T07:00:00Z,0.0,0.0,,,,
2025-09-09T08:00:00Z,0.0,0.0,,,,
2025-09-09T09:00:00Z,0.0,0.0,,,,
2025-09-09T10:00:00Z,0.0,0.0,,,,
2025-09-09T11:00:00Z,0.0,0.0,,,,
2025-09-09T12:00:00Z,0.0,0.0,,,,
2025-09-09T13:00:00Z,0.0,0.0,,,,
2025-09-09T14:00:00Z,0.0,0.0,,,,
2025-09-09T15:00:00Z,0.0,0.0,,,,
2025-09-09T16:00:00Z,0.0,0.0,,,,
2025-09-09T17:00:00Z,0.0,0.0,,,,
2025-09-09T18:00:00Z,0.0,0.0,,,,
2025-09-09T19:00:00Z,0.0,0.0,,,,
2025-09-09T20:00:00Z,0.0,0.0,,,,
2025-09-09T21:00:00Z,0.0,0.0,,,,
2025-09-09T22:00:00Z,0.0,0.0,,,,
2025-09-09T23:00:00Z,0.0,0.0,,,,
2025-09-10T00:00:00Z,0.0,0.0,,,,
2025-09-10T01:00:00Z,0.0,0.0,,,,
2025-09-10T02:00:00Z,0.0,0.0,,,,
2025-09-10T03:00:00Z,0.0,0.0,,,,
2025-09-10T04:00:00Z,0.0,0.0,,,,
2025-09-10T05:00:00Z,0.0,0.0,,,,
2025-09-10T06:00:00Z,0.0,0.0,,,,
2025-09-10T07:00:00Z,0.0,0.0,,,,
2025-09-10T08:00:00Z,0.0,0.0,,,,
2025-09-10T09:00:00Z,0.0,0.0,,,,
2025-09-10T10:00:00Z,14813560.532481998,0.0,0.9948143965896558,0.9998092191333261,,
2025-09-10T11:00:00Z,0.0,0.0,,,,
2025-09-10T12:00:00Z,0.0,0.0,,,,
2025-09-10T13:00:00Z,0.0,0.0,,,,
2025-09-10T14:00:00Z,0.0,0.0,,,,
2025-09-10T15:00:00Z,0.0,0.0,,,,
2025-09-10T16:00:00Z,0.0,0.0,,,,
2025-09-10T17:00:00Z,0.0,0.0,,,,
2025-09-10T18:00:00Z,0.0,0.0,,,,
2025-09-10T19:00:00Z,0.0,0.0,,,,
2025-09-10T20:00:00Z,0.0,0.0,,,,
2025-09-10T21:00:00Z,0.0,0.0,,,,
2025-09-10T22:00:00Z,0.0,0.0,,,,
2025-09-10T23:00:00Z,0.0,0.0,,,,
2025-09-11T00:00:00Z,0.0,0.0,,,,
2025-09-11T01:00:00Z,0.0,0.0,,,,
2025-09-11T02:00:00Z,0.0,0.0,,,,
2025-09-11T03:00:00Z,0.0,0.0,,,,
2025-09-11T04:00:00Z,0.0,0.0,,,,
2025-09-11T05:00:00Z,0.0,0.0,,,,
2025-09-11T06:00:00Z,0.0,0.0,,,,
2025-09-11T07:00:00Z,0.0,0.0,,,,
2025-09-11T08:00:00Z,0.0,0.0,,,,
2025-09-11T09:00:00Z,0.0,0.0,,,,
2025-09-11T10:00:00Z,10253050.022053,0.0,0.9946405360781453,0.9996642109065909,,
2025-09-11T11:00:00Z,0.0,0.0,,,,
2025-09-11T12:00:00Z,0.0,0.0,,,,
2025-09-11T13:00:00Z,0.0,0.0,,,,
2025-09-11T14:00:00Z,0.0,0.0,,,,
2025-09-11T15:00:00Z,0.0,0.0,,,,
2025-09-11T16:00:00Z,0.0,0.0,,,,
2025-09-11T17:00:00Z,0.0,0.0,,,,
2025-09-11T18:00:00Z,0.0,0.0,,,,
2025-09-11T19:00:00Z,0.0,0.0,,,,
2025-09-11T20:00:00Z,0.0,0.0,,,,
2025-09-11T21:00:00Z,0.0,0.0,,,,
2025-09-11T22:00:00Z,0.0,0.0,,,,
2025-09-11T23:00:00Z,0.0,0.0,,,,
2025-09-12T00:00:00Z,0.0,0.0,,,,
2025-09-12T01:00:00Z,0.0,0.0,,,,
2025-09-12T02:00:00Z,0.0,0.0,,,,
2025-09-12T03:00:00Z,0.0,0.0,,,,
2025-09-12T04:00:00Z,0.0,0.0,,,,
2025-09-12T05:00:00Z,0.0,0.0,,,,
2025-09-12T06:00:00Z,0.0,0.0,,,,
2025-09-12T07:00:00Z,0.0,0.0,,,,
2025-09-12T08:00:00Z,0.0,0.0,,,,
2025-09-12T09:00:00Z,0.0,0.0,,,,
2025-09-12T10:00:00Z,0.0,0.0,,,,
2025-09-12T11:00:00Z,0.0,0.0,,,,
2025-09-12T12:00:00Z,0.0,0.0,,,,
2025-09-12T13:00:00Z,0.0,0.0,,,,
2025-09-12T14:00:00Z,0.0,0.0,,,,
2025-09-12T15:00:00Z,0.0,0.0,,,,
2025-09-12T16:00:00Z,0.0,0.0,,,,
2025-09-12T17:00:00Z,0.0,0.0,,,,
2025-09-12T18:00:00Z,0.0,0.0,,,,
2025-09-12T19:00:00Z,1398400.9595310001,0.0,0.9989557698508308,0.9993381096223914,,
2025-09-12T20:00:00Z,7157954.332882999,0.0,0.994037522953736,0.9992369141313654,,
2025-09-12T21:00:00Z,0.0,0.0,,,,
2025-09-12T22:00:00Z,0.0,0.0,,,,
2025-09-12T23:00:00Z,0.0,0.0,,,,
2025-09-13T00:00:00Z,0.0,0.0,,,,
2025-09-13T01:00:00Z,0.0,0.0,,,,
2025-09-13T02:00:00Z,6529275.485763,0.0,0.9892362613115848,0.9994012699899767,,
2025-09-13T03:00:00Z,0.0,0.0,,,,
2025-09-13T04:00:00Z,0.0,0.0,,,,
2025-09-13T05:00:00Z,0.0,0.0,,,,
2025-09-13T06:00:00Z,0.0,0.0,,,,
2025-09-13T07:00:00Z,0.0,0.0,,,,
2025-09-13T08:00:00Z,0.0,0.0,,,,
2025-09-13T09:00:00Z,0.0,0.0,,,,
2025-09-13T10:00:00Z,11566981.413176,0.0,0.9893549106258888,0.9993328324132463,,
2025-09-13T11:00:00Z,0.0,0.0,,,,
2025-09-13T12:00:00Z,0.0,0.0,,,,
2025-09-13T13:00:00Z,0.0,0.0,,,,
2025-09-13T14:00:00Z,0.0,0.0,,,,
2025-09-13T15:00:00Z,0.0,0.0,,,,
2025-09-13T16:00:00Z,0.0,0.0,,,,
2025-09-13T17:00:00Z,0.0,0.0,,,,
2025-09-13T18:00:00Z,0.0,0.0,,,,
2025-09-13T19:00:00Z,0.0,0.0,,,,
2025-09-13T20:00:00Z,0.0,0.0,,,,
2025-09-13T21:00:00Z,0.0,0.0,,,,
2025-09-13T22:00:00Z,0.0,0.0,,,,
2025-09-13T23:00:00Z,0.0,0.0,,,,
2025-09-14T00:00:00Z,11170258.087860001,0.0,0.9943126112223001,0.9993217186692117,,
2025-09-14T01:00:00Z,0.0,0.0,,,,
2025-09-14T02:00:00Z,5648553.659882,0.0,0.9894542109625731,0.999306598306645,,
2025-09-14T03:00:00Z,0.0,0.0,,,,
2025-09-14T04:00:00Z,0.0,0.0,,,,
2025-09-14T05:00:00Z,8821936.266973,0.0,0.9918283085452535,0.9992628056475168,,
2025-09-14T06:00:00Z,0.0,0.0,,,,
2025-09-14T07:00:00Z,0.0,0.0,,,,
2025-09-14T08:00:00Z,0.0,0.0,,,,
2025-09-14T09:00:00Z,0.0,0.0,,,,
2025-09-14T10:00:00Z,0.0,0.0,,,,
2025-09-14T11:00:00Z,0.0,0.0,,,,
2025-09-14T12:00:00Z,0.0,0.0,,,,
2025-09-14T13:00:00Z,0.0,0.0,,,,
2025-09-14T14:00:00Z,0.0,0.0,,,,
2025-09-14T15:00:00Z,0.0,0.0,,,,
2025-09-14T16:00:00Z,0.0,0.0,,,,
2025-09-14T17:00:00Z,8526144.793884,0.0,0.9944164930881805,0.9994049420572647,,
2025-09-14T18:00:00Z,0.0,0.0,,,,
2025-09-14T19:00:00Z,0.0,0.0,,,,
2025-09-14T20:00:00Z,0.0,0.0,,,,
2025-09-14T21:00:00Z,0.0,0.0,,,,
2025-09-14T22:00:00Z,0.0,0.0,,,,
2025-09-14T23:00:00Z,0.0,0.0,,,,
2025-09-15T00:00:00Z,0.0,0.0,,,,
2025-09-15T01:00:00Z,0.0,0.0,,,,
2025-09-15T02:00:00Z,0.0,0.0,,,,
2025-09-15T03:00:00Z,0.0,0.0,,,,
2025-09-15T04:00:00Z,0.0,0.0,,,,
2025-09-15T05:00:00Z,0.0,0.0,,,,
2025-09-15T06:00:00Z,0.0,0.0,,,,
2025-09-15T07:00:00Z,0.0,0.0,,,,
2025-09-15T08:00:00Z,0.0,0.0,,,,
2025-09-15T09:00:00Z,0.0,0.0,,,,
2025-09-15T10:00:00Z,11837357.512130998,0.0,0.8074087881977794,0.9995311582417138,,
2025-09-15T11:00:00Z,0.0,0.0,,,,
2025-09-15T12:00:00Z,11547955.727864996,0.0,0.9940846660288278,0.9995244922169213,,
2025-09-15T13:00:00Z,0.0,0.0,,,,
2025-09-15T14:00:00Z,0.0,0.0,,,,
2025-09-15T15:00:00Z,0.0,0.0,,,,
2025-09-15T16:00:00Z,0.0,0.0,,,,
2025-09-15T17:00:00Z,0.0,0.0,,,,
2025-09-15T18:00:00Z,0.0,0.0,,,,
2025-09-15T19:00:00Z,0.0,0.0,,,,
2025-09-15T20:00:00Z,0.0,0.0,,,,
2025-09-15T21:00:00Z,0.0,0.0,,,,
2025-09-15T22:00:00Z,0.0,0.0,,,,
2025-09-15T23:00:00Z,0.0,0.0,,,,
2025-09-16T00:00:00Z,0.0,0.0,,,,
2025-09-16T01:00:00Z,0.0,0.0,,,,
2025-09-16T02:00:00Z,0.0,0.0,,,,
2025-09-16T03:00:00Z,0.0,0.0,,,,
2025-09-16T04:00:00Z,0.0,0.0,,,,
2025-09-16T05:00:00Z,0.0,0.0,,,,
2025-09-16T06:00:00Z,0.0,0.0,,,,
2025-09-16T07:00:00Z,0.0,0.0,,,,
2025-09-16T08:00:00Z,0.0,0.0,,,,
2025-09-16T09:00:00Z,0.0,0.0,,,,
2025-09-16T10:00:00Z,0.0,0.0,,,,
2025-09-16T11:00:00Z,0.0,0.0,,,,
2025-09-16T12:00:00Z,0.0,0.0,,,,
2025-09-16T13:00:00Z,0.0,0.0,,,,
2025-09-16T14:00:00Z,0.0,0.0,,,,
2025-09-16T15:00:00Z,0.0,0.0,,,,
2025-09-16T16:00:00Z,0.0,0.0,,,,
2025-09-16T17:00:00Z,0.0,0.0,,,,
2025-09-16T18:00:00Z,0.0,0.0,,,,
2025-09-16T19:00:00Z,0.0,0.0,,,,
2025-09-16T20:00:00Z,0.0,0.0,,,,
2025-09-16T21:00:00Z,0.0,0.0,,,,
2025-09-16T22:00:00Z,0.0,0.0,,,,
2025-09-16T23:00:00Z,0.0,0.0,,,,
2025-09-17T00:00:00Z,0.0,0.0,,,,
2025-09-17T01:00:00Z,0.0,0.0,,,,
2025-09-17T02:00:00Z,0.0,0.0,,,,
2025-09-17T03:00:00Z,6879798.470429,0.0,0.9947153847085081,0.9995121575158652,,
2025-09-17T04:00:00Z,0.0,0.0,,,,
2025-09-17T05:00:00Z,0.0,0.0,,,,
2025-09-17T06:00:00Z,0.0,0.0,,,,
2025-09-17T07:00:00Z,7607600.546382,0.0,0.9945164693687076,0.999480792576753,,
2025-09-17T08:00:00Z,0.0,0.0,,,,
2025-09-17T09:00:00Z,0.0,0.0,,,,
2025-09-17T10:00:00Z,0.0,0.0,,,,
2025-09-17T11:00:00Z,0.0,0.0,,,,
2025-09-17T12:00:00Z,0.0,0.0,,,,
2025-09-17T13:00:00Z,0.0,0.0,,,,
2025-09-17T14:00:00Z,0.0,0.0,,,,
2025-09-17T15:00:00Z,0.0,0.0,,,,
2025-09-17T16:00:00Z,0.0,0.0,,,,
2025-09-17T17:00:00Z,0.0,0.0,,,,
2025-09-17T18:00:00Z,0.0,0.0,,,,
2025-09-17T19:00:00Z,0.0,0.0,,,,
2025-09-17T20:00:00Z,0.0,0.0,,,,
2025-09-17T21:00:00Z,0.0,0.0,,,,
2025-09-17T22:00:00Z,0.0,0.0,,,,
2025-09-17T23:00:00Z,0.0,0.0,,,,
2025-09-18T00:00:00Z,0.0,0.0,,,,
2025-09-18T01:00:00Z,7265122.884903,0.0,0.9895524579498518,0.9994743896366601,,
2025-09-18T02:00:00Z,0.0,0.0,,,,
2025-09-18T03:00:00Z,10480038.019187,0.0,0.9502805128190083,0.9994603752168263,,
2025-09-18T04:00:00Z,0.0,0.0,,,,
2025-09-18T05:00:00Z,0.0,0.0,,,,
2025-09-18T06:00:00Z,0.0,0.0,,,,
2025-09-18T07:00:00Z,0.0,0.0,,,,
2025-09-18T08:00:00Z,0.0,0.0,,,,
2025-09-18T09:00:00Z,0.0,0.0,,,,
2025-09-18T10:00:00Z,0.0,0.0,,,,
2025-09-18T11:00:00Z,0.0,0.0,,,,
2025-09-18T12:00:00Z,0.0,0.0,,,,
2025-09-18T13:00:00Z,0.0,0.0,,,,
2025-09-18T14:00:00Z,0.0,0.0,,,,
2025-09-18T15:00:00Z,0.0,0.0,,,,
2025-09-18T16:00:00Z,0.0,0.0,,,,
2025-09-18T17:00:00Z,0.0,0.0,,,,
2025-09-18T18:00:00Z,0.0,0.0,,,,
2025-09-18T19:00:00Z,0.0,0.0,,,,
2025-09-18T20:00:00Z,0.0,0.0,,,,
2025-09-18T21:00:00Z,0.0,0.0,,,,
2025-09-18T22:00:00Z,0.0,0.0,,,,
2025-09-18T23:00:00Z,0.0,0.0,,,,
2025-09-19T00:00:00Z,0.0,0.0,,,,
2025-09-19T01:00:00Z,0.0,0.0,,,,
2025-09-19T02:00:00Z,0.0,0.0,,,,
2025-09-19T03:00:00Z,7177776.086768,0.0,0.9696218587854747,0.9994248703498182,,
2025-09-19T04:00:00Z,0.0,0.0,,,,
2025-09-19T05:00:00Z,0.0,0.0,,,,
2025-09-19T06:00:00Z,0.0,0.0,,,,
2025-09-19T07:00:00Z,0.0,0.0,,,,
2025-09-19T08:00:00Z,0.0,0.0,,,,
2025-09-19T09:00:00Z,0.0,0.0,,,,
2025-09-19T10:00:00Z,7883373.746178,0.0,0.979513936107067,0.9994723383034073,,
2025-09-19T11:00:00Z,0.0,0.0,,,,
2025-09-19T12:00:00Z,0.0,0.0,,,,
2025-09-19T13:00:00Z,0.0,0.0,,,,
2025-09-19T14:00:00Z,0.0,0.0,,,,
2025-09-19T15:00:00Z,0.0,0.0,,,,
2025-09-19T16:00:00Z,0.0,0.0,,,,
2025-09-19T17:00:00Z,0.0,0.0,,,,
2025-09-19T18:00:00Z,0.0,0.0,,,,
2025-09-19T19:00:00Z,0.0,0.0,,,,
2025-09-19T20:00:00Z,0.0,0.0,,,,
2025-09-19T21:00:00Z,0.0,0.0,,,,
2025-09-19T22:00:00Z,0.0,0.0,,,,
2025-09-19T23:00:00Z,3728037.08254,0.0,0.9981821531184752,0.9994042647530555,,
2025-09-20T00:00:00Z,0.0,0.0,,,,
2025-09-20T01:00:00Z,0.0,0.0,,,,
2025-09-20T02:00:00Z,0.0,0.0,,,,
2025-09-20T03:00:00Z,0.0,0.0,,,,
2025-09-20T04:00:00Z,0.0,0.0,,,,
2025-09-20T05:00:00Z,0.0,0.0,,,,
2025-09-20T06:00:00Z,0.0,0.0,,,,
2025-09-20T07:00:00Z,0.0,0.0,,,,
2025-09-20T08:00:00Z,0.0,0.0,,,,
2025-09-20T09:00:00Z,0.0,0.0,,,,
2025-09-20T10:00:00Z,0.0,0.0,,,,
2025-09-20T11:00:00Z,0.0,0.0,,,,
2025-09-20T12:00:00Z,0.0,0.0,,,,
2025-09-20T13:00:00Z,0.0,0.0,,,,
2025-09-20T14:00:00Z,0.0,0.0,,,,
2025-09-20T15:00:00Z,0.0,0.0,,,,
2025-09-20T16:00:00Z,0.0,0.0,,,,
2025-09-20T17:00:00Z,0.0,0.0,,,,
2025-09-20T18:00:00Z,0.0,0.0,,,,
2025-09-20T19:00:00Z,0.0,0.0,,,,
2025-09-20T20:00:00Z,0.0,0.0,,,,
2025-09-20T21:00:00Z,0.0,0.0,,,,
2025-09-20T22:00:00Z,0.0,0.0,,,,
2025-09-20T23:00:00Z,0.0,0.0,,,,
2025-09-21T00:00:00Z,0.0,0.0,,,,
2025-09-21T01:00:00Z,0.0,0.0,,,,
2025-09-21T02:00:00Z,0.0,0.0,,,,
2025-09-21T03:00:00Z,0.0,0.0,,,,
2025-09-21T04:00:00Z,0.0,0.0,,,,
2025-09-21T05:00:00Z,0.0,0.0,,,,
2025-09-21T06:00:00Z,0.0,0.0,,,,
2025-09-21T07:00:00Z,0.0,0.0,,,,
2025-09-21T08:00:00Z,0.0,0.0,,,,
2025-09-21T09:00:00Z,0.0,0.0,,,,
2025-09-21T10:00:00Z,0.0,0.0,,,,
2025-09-21T11:00:00Z,0.0,0.0,,,,
2025-09-21T12:00:00Z,0.0,0.0,,,,
2025-09-21T13:00:00Z,0.0,0.0,,,,
2025-09-21T14:00:00Z,0.0,0.0,,,,
2025-09-21T15:00:00Z,0.0,0.0,,,,
2025-09-21T16:00:00Z,0.0,0.0,,,,
2025-09-21T17:00:00Z,0.0,0.0,,,,
2025-09-21T18:00:00Z,0.0,0.0,,,,
2025-09-21T19:00:00Z,0.0,0.0,,,,
2025-09-21T20:00:00Z,0.0,0.0,,,,
2025-09-21T21:00:00Z,0.0,0.0,,,,
2025-09-21T22:00:00Z,0.0,0.0,,,,
2025-09-21T23:00:00Z,0.0,0.0,,,,
2025-09-22T00:00:00Z,0.0,0.0,,,,
2025-09-22T01:00:00Z,0.0,0.0,,,,
2025-09-22T02:00:00Z,0.0,0.0,,,,
2025-09-22T03:00:00Z,0.0,0.0,,,,
2025-09-22T04:00:00Z,0.0,0.0,,,,
2025-09-22T05:00:00Z,0.0,0.0,,,,
2025-09-22T06:00:00Z,0.0,0.0,,,,
2025-09-22T07:00:00Z,0.0,0.0,,,,
2025-09-22T08:00:00Z,0.0,0.0,,,,
2025-09-22T09:00:00Z,7887528.337428,0.0,0.9943184449475799,0.9992459319757376,,
2025-09-22T10:00:00Z,0.0,0.0,,,,
2025-09-22T11:00:00Z,0.0,0.0,,,,
2025-09-22T12:00:00Z,0.0,0.0,,,,
2025-09-22T13:00:00Z,0.0,0.0,,,,
2025-09-22T14:00:00Z,0.0,0.0,,,,
2025-09-22T15:00:00Z,0.0,0.0,,,,
2025-09-22T16:00:00Z,0.0,0.0,,,,
2025-09-22T17:00:00Z,0.0,0.0,,,,
2025-09-22T18:00:00Z,0.0,0.0,,,,
2025-09-22T19:00:00Z,0.0,0.0,,,,
2025-09-22T20:00:00Z,5815262.341127001,0.0,0.9941510998579371,0.9991979943956277,,
2025-09-22T21:00:00Z,0.0,0.0,,,,
2025-09-22T22:00:00Z,0.0,0.0,,,,
2025-09-22T23:00:00Z,3927050.211186001,0.0,0.9941751807740301,0.9991836599832002,,
2025-09-23T00:00:00Z,0.0,0.0,,,,
2025-09-23T01:00:00Z,0.0,0.0,,,,
2025-09-23T02:00:00Z,1059272.4485069998,0.0,0.9989664282234819,0.9991511102788986,,
2025-09-23T03:00:00Z,10240463.095492,0.0,0.9960676074136658,0.999097568756162,,
2025-09-23T04:00:00Z,8005570.327157,0.0,0.994049566640992,0.9991819563569145,,
2025-09-23T05:00:00Z,0.0,0.0,,,,
2025-09-23T06:00:00Z,7848037.575082,0.0,0.9493316882135855,0.9992949318555188,,
2025-09-23T07:00:00Z,0.0,0.0,,,,
2025-09-23T08:00:00Z,0.0,0.0,,,,
2025-09-23T09:00:00Z,0.0,0.0,,,,
2025-09-23T10:00:00Z,0.0,0.0,,,,
2025-09-23T11:00:00Z,0.0,0.0,,,,
2025-09-23T12:00:00Z,0.0,0.0,,,,
2025-09-23T13:00:00Z,0.0,0.0,,,,
2025-09-23T14:00:00Z,0.0,0.0,,,,
2025-09-23T15:00:00Z,0.0,0.0,,,,
2025-09-23T16:00:00Z,0.0,0.0,,,,
2025-09-23T17:00:00Z,0.0,0.0,,,,
2025-09-23T18:00:00Z,0.0,0.0,,,,
2025-09-23T19:00:00Z,0.0,0.0,,,,
2025-09-23T20:00:00Z,0.0,0.0,,,,
2025-09-23T21:00:00Z,0.0,0.0,,,,
2025-09-23T22:00:00Z,0.0,0.0,,,,
2025-09-23T23:00:00Z,0.0,0.0,,,,
2025-09-24T00:00:00Z,0.0,0.0,,,,
2025-09-24T01:00:00Z,0.0,0.0,,,,
2025-09-24T02:00:00Z,0.0,0.0,,,,
2025-09-24T03:00:00Z,0.0,0.0,,,,
2025-09-24T04:00:00Z,0.0,0.0,,,,
2025-09-24T05:00:00Z,0.0,0.0,,,,
2025-09-24T06:00:00Z,0.0,0.0,,,,
2025-09-24T07:00:00Z,0.0,0.0,,,,
2025-09-24T08:00:00Z,0.0,0.0,,,,
2025-09-24T09:00:00Z,0.0,0.0,,,,
2025-09-24T10:00:00Z,0.0,0.0,,,,
2025-09-24T11:00:00Z,0.0,0.0,,,,
2025-09-24T12:00:00Z,0.0,0.0,,,,
2025-09-24T13:00:00Z,0.0,0.0,,,,
2025-09-24T14:00:00Z,0.0,0.0,,,,
2025-09-24T15:00:00Z,0.0,0.0,,,,
2025-09-24T16:00:00Z,0.0,0.0,,,,
2025-09-24T17:00:00Z,0.0,0.0,,,,
2025-09-24T18:00:00Z,0.0,0.0,,,,
2025-09-24T19:00:00Z,0.0,0.0,,,,
2025-09-24T20:00:00Z,0.0,0.0,,,,
2025-09-24T21:00:00Z,0.0,0.0,,,,
2025-09-24T22:00:00Z,0.0,0.0,,,,
2025-09-24T23:00:00Z,0.0,0.0,,,,
2025-09-25T00:00:00Z,0.0,0.0,,,,
2025-09-25T01:00:00Z,0.0,0.0,,,,
2025-09-25T02:00:00Z,0.0,0.0,,,,
2025-09-25T03:00:00Z,0.0,0.0,,,,
2025-09-25T04:00:00Z,0.0,0.0,,,,
2025-09-25T05:00:00Z,0.0,0.0,,,,
2025-09-25T06:00:00Z,0.0,0.0,,,,
2025-09-25T07:00:00Z,0.0,0.0,,,,
2025-09-25T08:00:00Z,0.0,0.0,,,,
2025-09-25T09:00:00Z,0.0,0.0,,,,
2025-09-25T10:00:00Z,0.0,0.0,,,,
2025-09-25T11:00:00Z,0.0,0.0,,,,
2025-09-25T12:00:00Z,0.0,0.0,,,,
2025-09-25T13:00:00Z,0.0,0.0,,,,
2025-09-25T14:00:00Z,0.0,0.0,,,,
2025-09-25T15:00:00Z,4657150.108747001,0.0,0.9923746086749556,0.9993225058248952,,
2025-09-25T16:00:00Z,0.0,0.0,,,,
2025-09-25T17:00:00Z,0.0,0.0,,,,
2025-09-25T18:00:00Z,0.0,0.0,,,,
2025-09-25T19:00:00Z,0.0,0.0,,,,
2025-09-25T20:00:00Z,0.0,0.0,,,,
2025-09-25T21:00:00Z,0.0,0.0,,,,
2025-09-25T22:00:00Z,0.0,0.0,,,,
2025-09-25T23:00:00Z,0.0,0.0,,,,
2025-09-26T00:00:00Z,0.0,0.0,,,,
2025-09-26T01:00:00Z,0.0,0.0,,,,
2025-09-26T02:00:00Z,0.0,0.0,,,,
2025-09-26T03:00:00Z,0.0,0.0,,,,
2025-09-26T04:00:00Z,0.0,0.0,,,,
2025-09-26T05:00:00Z,0.0,0.0,,,,
2025-09-26T06:00:00Z,0.0,0.0,,,,
2025-09-26T07:00:00Z,0.0,0.0,,,,
2025-09-26T08:00:00Z,2240505.732021,0.0,0.9989788807362714,0.9991440155572012,,
2025-09-26T09:00:00Z,0.0,0.0,,,,
2025-09-26T10:00:00Z,0.0,0.0,,,,
2025-09-26T11:00:00Z,0.0,0.0,,,,
2025-09-26T12:00:00Z,0.0,0.0,,,,
2025-09-26T13:00:00Z,0.0,0.0,,,,
2025-09-26T14:00:00Z,0.0,0.0,,,,
2025-09-26T15:00:00Z,0.0,0.0,,,,
2025-09-26T16:00:00Z,0.0,0.0,,,,
2025-09-26T17:00:00Z,0.0,0.0,,,,
2025-09-26T18:00:00Z,0.0,0.0,,,,
2025-09-26T19:00:00Z,0.0,0.0,,,,
2025-09-26T20:00:00Z,0.0,0.0,,,,
2025-09-26T21:00:00Z,0.0,0.0,,,,
2025-09-26T22:00:00Z,0.0,0.0,,,,
2025-09-26T23:00:00Z,0.0,0.0,,,,
2025-09-27T00:00:00Z,0.0,0.0,,,,
2025-09-27T01:00:00Z,0.0,0.0,,,,
2025-09-27T02:00:00Z,0.0,0.0,,,,
2025-09-27T03:00:00Z,0.0,0.0,,,,
2025-09-27T04:00:00Z,0.0,0.0,,,,
2025-09-27T05:00:00Z,0.0,0.0,,,,
2025-09-27T06:00:00Z,0.0,0.0,,,,
2025-09-27T07:00:00Z,0.0,0.0,,,,
2025-09-27T08:00:00Z,0.0,0.0,,,,
2025-09-27T09:00:00Z,0.0,0.0,,,,
2025-09-27T10:00:00Z,0.0,0.0,,,,
2025-09-27T11:00:00Z,0.0,0.0,,,,
2025-09-27T12:00:00Z,0.0,0.0,,,,
2025-09-27T13:00:00Z,0.0,0.0,,,,
2025-09-27T14:00:00Z,0.0,0.0,,,,
2025-09-27T15:00:00Z,0.0,0.0,,,,
2025-09-27T16:00:00Z,0.0,0.0,,,,
2025-09-27T17:00:00Z,0.0,0.0,,,,
2025-09-27T18:00:00Z,0.0,0.0,,,,
2025-09-27T19:00:00Z,0.0,0.0,,,,
2025-09-27T20:00:00Z,0.0,0.0,,,,
2025-09-27T21:00:00Z,0.0,0.0,,,,
2025-09-27T22:00:00Z,0.0,0.0,,,,
2025-09-27T23:00:00Z,0.0,0.0,,,,
2025-09-28T00:00:00Z,0.0,0.0,,,,
2025-09-28T01:00:00Z,0.0,0.0,,,,
2025-09-28T02:00:00Z,0.0,0.0,,,,
2025-09-28T03:00:00Z,0.0,0.0,,,,
2025-09-28T04:00:00Z,0.0,0.0,,,,
2025-09-28T05:00:00Z,0.0,0.0,,,,
2025-09-28T06:00:00Z,0.0,0.0,,,,
2025-09-28T07:00:00Z,0.0,0.0,,,,
2025-09-28T08:00:00Z,0.0,0.0,,,,
2025-09-28T09:00:00Z,0.0,0.0,,,,
2025-09-28T10:00:00Z,0.0,0.0,,,,
2025-09-28T11:00:00Z,0.0,0.0,,,,
2025-09-28T12:00:00Z,0.0,0.0,,,,
2025-09-28T13:00:00Z,0.0,0.0,,,,
2025-09-28T14:00:00Z,0.0,0.0,,,,
2025-09-28T15:00:00Z,0.0,0.0,,,,
2025-09-28T16:00:00Z,0.0,0.0,,,,
2025-09-28T17:00:00Z,0.0,0.0,,,,
2025-09-28T18:00:00Z,0.0,0.0,,,,
2025-09-28T19:00:00Z,0.0,0.0,,,,
2025-09-28T20:00:00Z,0.0,0.0,,,,
2025-09-28T21:00:00Z,0.0,0.0,,,,
2025-09-28T22:00:00Z,0.0,0.0,,,,
2025-09-28T23:00:00Z,0.0,0.0,,,,
2025-09-29T00:00:00Z,0.0,0.0,,,,
2025-09-29T01:00:00Z,0.0,0.0,,,,
2025-09-29T02:00:00Z,0.0,0.0,,,,
2025-09-29T03:00:00Z,0.0,0.0,,,,
2025-09-29T04:00:00Z,0.0,0.0,,,,
2025-09-29T05:00:00Z,0.0,0.0,,,,
2025-09-29T06:00:00Z,0.0,0.0,,,,
2025-09-29T07:00:00Z,0.0,0.0,,,,
2025-09-29T08:00:00Z,0.0,0.0,,,,
2025-09-29T09:00:00Z,0.0,0.0,,,,
2025-09-29T10:00:00Z,0.0,0.0,,,,
2025-09-29T11:00:00Z,0.0,0.0,,,,
2025-09-29T12:00:00Z,0.0,0.0,,,,
2025-09-29T13:00:00Z,0.0,0.0,,,,
2025-09-29T14:00:00Z,0.0,0.0,,,,
2025-09-29T15:00:00Z,0.0,0.0,,,,
2025-09-29T16:00:00Z,0.0,0.0,,,,
2025-09-29T17:00:00Z,0.0,0.0,,,,
2025-09-29T18:00:00Z,0.0,0.0,,,,
2025-09-29T19:00:00Z,0.0,0.0,,,,
2025-09-29T20:00:00Z,0.0,0.0,,,,
2025-09-29T21:00:00Z,0.0,0.0,,,,
2025-09-29T22:00:00Z,0.0,0.0,,,,
2025-09-29T23:00:00Z,0.0,0.0,,,,
2025-09-30T00:00:00Z,0.0,0.0,,,,
2025-09-30T01:00:00Z,0.0,0.0,,,,
2025-09-30T02:00:00Z,0.0,0.0,,,,
2025-09-30T03:00:00Z,4922129.0864200005,0.0,0.9892532765100471,0.9992021517432984,,
2025-09-30T04:00:00Z,0.0,0.0,,,,
2025-09-30T05:00:00Z,3678075.407067,0.0,0.9987713734133044,0.9992076780442877,,
2025-09-30T06:00:00Z,0.0,0.0,,,,
2025-09-30T07:00:00Z,0.0,0.0,,,,
2025-09-30T08:00:00Z,0.0,0.0,,,,
2025-09-30T09:00:00Z,0.0,0.0,,,,
2025-09-30T10:00:00Z,0.0,0.0,,,,
2025-09-30T11:00:00Z,0.0,0.0,,,,
2025-09-30T12:00:00Z,0.0,0.0,,,,
2025-09-30T13:00:00Z,0.0,0.0,,,,
2025-09-30T14:00:00Z,0.0,0.0,,,,
2025-09-30T15:00:00Z,0.0,0.0,,,,
2025-09-30T16:00:00Z,0.0,0.0,,,,
2025-09-30T17:00:00Z,0.0,0.0,,,,
2025-09-30T18:00:00Z,0.0,0.0,,,,
2025-09-30T19:00:00Z,0.0,0.0,,,,
2025-09-30T20:00:00Z,0.0,0.0,,,,
2025-09-30T21:00:00Z,0.0,0.0,,,,
2025-09-30T22:00:00Z,0.0,0.0,,,,
2025-09-30T23:00:00Z,0.0,0.0,,,,
